dataset,ranking,k_features,classifier,auroc,auprc,accuracy,balanced_accuracy,sensitivity,specificity,prevalence,tn,fp,fn,tp,n_samples,sens_at_spec80,sens_at_spec90,sens_at_spec95
HAM10000_OOF,shap,256,SVM-RBF,0.8905123029784437,0.6466043042484108,0.8695956065901148,0.8260199965159207,0.7699910152740341,0.8820489777578072,0.11113330004992511,7852,1050,256,857,10015,0.834681042228212,0.7331536388140162,0.6109613656783468
ISIC2020_ENSEMBLE,shap,256,SVM-RBF,0.685675757647205,0.08082475726985418,0.839637931561726,0.6378224515210816,0.42857142857142855,0.8470734744707348,0.01776704076327941,27208,4912,332,249,32701,0.4629948364888124,0.3476764199655766,0.25645438898450945
HAM10000_OOF,shap,256,XGBoost,0.915722977745292,0.6792740752873876,0.816874687968048,0.8364567922691388,0.8616352201257862,0.8112783644124916,0.11113330004992511,7222,1680,154,959,10015,0.8679245283018868,0.7520215633423181,0.6181491464510332
ISIC2020_ENSEMBLE,shap,256,XGBoost,0.7251249616862755,0.09113284067524141,0.7306810189290848,0.6736205719515671,0.6144578313253012,0.7327833125778331,0.01776704076327941,23537,8583,224,357,32701,0.5301204819277109,0.38209982788296043,0.2633390705679862
HAM10000_OOF,shap,256,RandomForest,0.9148704784432181,0.6603817650573464,0.8516225661507738,0.8367425735719061,0.8176100628930818,0.8558750842507302,0.11113330004992511,7619,1283,203,910,10015,0.8634321653189577,0.7484276729559748,0.6127583108715184
ISIC2020_ENSEMBLE,shap,256,RandomForest,0.7181491309482727,0.09117312470090852,0.8407693954313323,0.6688190852718827,0.4905335628227194,0.8471046077210461,0.01776704076327941,27209,4911,296,285,32701,0.5249569707401033,0.3838209982788296,0.28055077452667815
HAM10000_OOF,shap,256,KNN,0.8392435510721418,0.6035837256193857,0.8708936595107339,0.8153511643102704,0.7439353099730458,0.886767018647495,0.11113330004992511,7894,1008,285,828,10015,0.7439353099730458,0.7160826594788859,0.6028751123090745
ISIC2020_ENSEMBLE,shap,256,KNN,0.6357212518460248,0.07482155677237068,0.8543163817620256,0.6190988558396546,0.37521514629948366,0.8629825653798257,0.01776704076327941,27719,4401,363,218,32701,0.4165232358003442,0.3253012048192771,0.23407917383820998
HAM10000_OOF,shap,256,Stacking,0.8846108660884225,0.6566896281450677,0.871193210184723,0.8300632241298532,0.7771787960467206,0.8829476522129859,0.11113330004992511,7860,1042,248,865,10015,0.839173405211141,0.7538185085354897,0.6163522012578616
ISIC2020_ENSEMBLE,shap,256,Stacking,0.7114994759325507,0.0903048347678218,0.7912602061099049,0.668122257755448,0.540447504302926,0.7957970112079701,0.01776704076327941,25561,6559,267,314,32701,0.5301204819277109,0.37521514629948366,0.2719449225473322
HAM10000_OOF,shap,512,SVM-RBF,0.8953808294490694,0.6547232492527386,0.8552171742386421,0.8285447933301076,0.7942497753818508,0.8628398112783644,0.11113330004992511,7681,1221,229,884,10015,0.834681042228212,0.7304582210242587,0.6154537286612758
ISIC2020_ENSEMBLE,shap,512,SVM-RBF,0.6834863024415756,0.0815323902983356,0.7799149873092566,0.6386865197848859,0.49225473321858865,0.7851183063511831,0.01776704076327941,25218,6902,295,286,32701,0.47160068846815834,0.35456110154905335,0.25301204819277107
HAM10000_OOF,shap,512,XGBoost,0.9181181308782483,0.6808929511870172,0.8149775336994508,0.8408925843814337,0.8742138364779874,0.8075713322848798,0.11113330004992511,7189,1713,140,973,10015,0.8787061994609164,0.7448337825696316,0.6190476190476191
ISIC2020_ENSEMBLE,shap,512,XGBoost,0.7244128086800146,0.08947415418894794,0.7368582000550442,0.6708499002235593,0.6024096385542169,0.7392901618929016,0.01776704076327941,23746,8374,231,350,32701,0.5266781411359724,0.37005163511187605,0.26161790017211706
HAM10000_OOF,shap,512,RandomForest,0.915567950346016,0.6580510104927291,0.8289565651522716,0.8373569806637635,0.8481581311769991,0.826555830150528,0.11113330004992511,7358,1544,169,944,10015,0.8688230008984726,0.7394429469901168,0.6037735849056604
ISIC2020_ENSEMBLE,shap,512,RandomForest,0.719666381233884,0.09127771421004062,0.7573468701262959,0.665224186195056,0.5697074010327022,0.7607409713574097,0.01776704076327941,24435,7685,250,331,32701,0.5163511187607573,0.3889845094664372,0.27538726333907054
HAM10000_OOF,shap,512,KNN,0.8431335175494851,0.6076336853628026,0.8620069895157264,0.816248324826003,0.7574123989218329,0.875084250730173,0.11113330004992511,7790,1112,270,843,10015,0.7574123989218329,0.7151841868823001,0.5911949685534591
ISIC2020_ENSEMBLE,shap,512,KNN,0.626155627669904,0.07273161926719171,0.8840708235222164,0.609739643505529,0.3253012048192771,0.8941780821917809,0.01776704076327941,28721,3399,392,189,32701,0.3958691910499139,0.3132530120481928,0.23235800344234078
HAM10000_OOF,shap,512,Stacking,0.8907446422187651,0.6564688537767661,0.8637044433349975,0.8313536556490229,0.7897574123989218,0.8729498988991238,0.11113330004992511,7771,1131,234,879,10015,0.8463611859838275,0.7511230907457322,0.6190476190476191
ISIC2020_ENSEMBLE,shap,512,Stacking,0.7148973406524157,0.09022906932589297,0.804134430139751,0.6636905654998575,0.5180722891566265,0.8093088418430884,0.01776704076327941,25995,6125,280,301,32701,0.5232358003442341,0.3769363166953528,0.2736660929432014
HAM10000_OOF,shap,all,SVM-RBF,0.899837059743886,0.6727012071132258,0.8454318522216675,0.8309017951890234,0.8122192273135669,0.8495843630644799,0.11113330004992511,7563,1339,209,904,10015,0.8508535489667565,0.7412398921832885,0.6244384546271339
ISIC2020_ENSEMBLE,shap,all,SVM-RBF,0.6946874135931737,0.08534059398450715,0.7518424513011834,0.6497469150753521,0.5438898450946644,0.7556039850560399,0.01776704076327941,24270,7850,265,316,32701,0.4939759036144578,0.3493975903614458,0.2547332185886403
HAM10000_OOF,shap,all,XGBoost,0.9181423034447371,0.6801128952535243,0.8487269096355466,0.8402236250048698,0.8292902066486972,0.8511570433610425,0.11113330004992511,7577,1325,190,923,10015,0.867026055705301,0.7466307277628033,0.6199460916442049
ISIC2020_ENSEMBLE,shap,all,XGBoost,0.7222085906336608,0.09011204543115686,0.8019632427142901,0.6685004651232577,0.5301204819277109,0.8068804483188045,0.01776704076327941,25917,6203,273,308,32701,0.5335628227194492,0.37865748709122204,0.2667814113597246
HAM10000_OOF,shap,all,RandomForest,0.9162173799037254,0.6563965250637674,0.8296555167249127,0.8389293581724369,0.8508535489667565,0.8270051673781172,0.11113330004992511,7362,1540,166,947,10015,0.867026055705301,0.7367475292003594,0.6118598382749326
ISIC2020_ENSEMBLE,shap,all,RandomForest,0.7170320313454495,0.08886297145457646,0.7736154857649613,0.6625203893317444,0.5473321858864028,0.7777085927770859,0.01776704076327941,24980,7140,263,318,32701,0.5232358003442341,0.3803786574870912,0.27538726333907054
HAM10000_OOF,shap,all,KNN,0.8491843802628322,0.6032208380966877,0.8475287069395906,0.8159654704728315,0.7753818508535489,0.8565490900921141,0.11113330004992511,7625,1277,250,863,10015,0.7852650494159928,0.6990116801437556,0.5893980233602875
ISIC2020_ENSEMBLE,shap,all,KNN,0.6069046154373767,0.06550488378466976,0.8467325158252041,0.5958029056271341,0.33562822719449226,0.8559775840597759,0.01776704076327941,27494,4626,386,195,32701,0.37521514629948366,0.2719449225473322,0.19104991394148021
HAM10000_OOF,shap,all,Stacking,0.8934958739094337,0.6581958102003846,0.8489266100848727,0.8344399221391036,0.8158131176999102,0.853066726578297,0.11113330004992511,7594,1308,205,908,10015,0.8517520215633423,0.7502246181491464,0.6226415094339622
ISIC2020_ENSEMBLE,shap,all,Stacking,0.7206076931815504,0.08861070478465063,0.7515978104645118,0.669902827820801,0.5851979345955249,0.7546077210460772,0.01776704076327941,24238,7882,241,340,32701,0.5197934595524957,0.387263339070568,0.26161790017211706
HAM10000_OOF,gain,256,SVM-RBF,0.8873442332936278,0.6426443032278828,0.8449326010983524,0.8251179913939608,0.7996406109613656,0.8505953718265559,0.11113330004992511,7572,1330,223,890,10015,0.8292902066486972,0.7349505840071878,0.6073674752920036
ISIC2020_ENSEMBLE,gain,256,SVM-RBF,0.6696617996626248,0.08056769928020473,0.867802207883551,0.6335689046883138,0.39070567986230637,0.8764321295143213,0.01776704076327941,28151,3969,354,227,32701,0.4664371772805508,0.35628227194492257,0.270223752151463
HAM10000_OOF,gain,256,XGBoost,0.912397407893438,0.6715611899155045,0.8447329006490265,0.835618523997858,0.8238993710691824,0.8473376769265334,0.11113330004992511,7543,1359,196,917,10015,0.8616352201257862,0.7457322551662174,0.6136567834681043
ISIC2020_ENSEMBLE,gain,256,XGBoost,0.7150444332033704,0.08920264897197933,0.7881410354423413,0.6631543876984544,0.5335628227194492,0.7927459526774595,0.01776704076327941,25463,6657,271,310,32701,0.5232358003442341,0.37349397590361444,0.2667814113597246
HAM10000_OOF,gain,256,RandomForest,0.9131248053326195,0.6507647655218272,0.8444333499750375,0.8374153682617331,0.8283917340521114,0.8464390024713547,0.11113330004992511,7535,1367,191,922,10015,0.8616352201257862,0.7412398921832885,0.610062893081761
ISIC2020_ENSEMBLE,gain,256,RandomForest,0.7113979043732304,0.08839374103288128,0.8254181829301857,0.664384713734854,0.4974182444061962,0.8313511830635119,0.01776704076327941,26703,5417,292,289,32701,0.5215146299483648,0.3717728055077453,0.27538726333907054
HAM10000_OOF,gain,256,KNN,0.8403425197160335,0.6004634756000247,0.8679980029955068,0.8156876625844803,0.7484276729559748,0.8829476522129859,0.11113330004992511,7860,1042,280,833,10015,0.7502246181491464,0.7115902964959568,0.6019766397124887
ISIC2020_ENSEMBLE,gain,256,KNN,0.6320775630542094,0.07265592501273369,0.8723892235711446,0.6147784341421906,0.3476764199655766,0.8818804483188045,0.01776704076327941,28326,3794,379,202,32701,0.4113597246127367,0.3270223752151463,0.24440619621342513
HAM10000_OOF,gain,256,Stacking,0.8878267762597339,0.6509761053290982,0.8501248127808287,0.8331485822562663,0.8113207547169812,0.8549764097955516,0.11113330004992511,7611,1291,210,903,10015,0.8436657681940701,0.7493261455525606,0.6127583108715184
ISIC2020_ENSEMBLE,gain,256,Stacking,0.7073754723573176,0.08656160244176163,0.7931561725941103,0.6640172770784258,0.5301204819277109,0.7979140722291407,0.01776704076327941,25629,6491,273,308,32701,0.5249569707401033,0.3855421686746988,0.2719449225473322
HAM10000_OOF,gain,512,SVM-RBF,0.8923932213462231,0.6530204262236627,0.8596105841238143,0.8290508023576276,0.7897574123989218,0.8683441923163334,0.11113330004992511,7730,1172,234,879,10015,0.8454627133872417,0.7358490566037735,0.6181491464510332
ISIC2020_ENSEMBLE,gain,512,SVM-RBF,0.677793847512448,0.08447170475514987,0.7917189076786643,0.6396251256582994,0.4819277108433735,0.7973225404732254,0.01776704076327941,25610,6510,301,280,32701,0.4750430292598967,0.35972461273666095,0.2736660929432014
HAM10000_OOF,gain,512,XGBoost,0.9153041716298649,0.6776438762361137,0.837443834248627,0.8382004972584576,0.839173405211141,0.837227589305774,0.11113330004992511,7453,1449,179,934,10015,0.8634321653189577,0.7475292003593891,0.6154537286612758
ISIC2020_ENSEMBLE,gain,512,XGBoost,0.7191757780097441,0.08796498548167764,0.7633099905201676,0.6682596781004109,0.5697074010327022,0.7668119551681195,0.01776704076327941,24630,7490,250,331,32701,0.5232358003442341,0.38209982788296043,0.26506024096385544
HAM10000_OOF,gain,512,RandomForest,0.915794738475035,0.6552124284008487,0.8331502745881179,0.8381437245292305,0.8445642407906558,0.831723208267805,0.11113330004992511,7404,1498,173,940,10015,0.8661275831087152,0.7412398921832885,0.6073674752920036
ISIC2020_ENSEMBLE,gain,512,RandomForest,0.7199508673369872,0.09004594603515288,0.7932479129078621,0.6674440512450085,0.5370051635111877,0.7978829389788293,0.01776704076327941,25628,6492,269,312,32701,0.5301204819277109,0.38209982788296043,0.27538726333907054
HAM10000_OOF,gain,512,KNN,0.8399544970360092,0.5981523251480123,0.8597104343484773,0.812204996282774,0.7511230907457322,0.8732869018198157,0.11113330004992511,7774,1128,277,836,10015,0.7556154537286612,0.7070979335130279,0.5920934411500449
ISIC2020_ENSEMBLE,gain,512,KNN,0.6268406663480107,0.07029125385718035,0.8436133451576404,0.6119604998896135,0.3717728055077453,0.8521481942714819,0.01776704076327941,27371,4749,365,216,32701,0.4044750430292599,0.31841652323580033,0.23580034423407917
HAM10000_OOF,gain,512,Stacking,0.8887553257866481,0.6522283544967147,0.8761857214178732,0.8340507892368192,0.779874213836478,0.8882273646371602,0.11113330004992511,7907,995,245,868,10015,0.8472596585804133,0.7574123989218329,0.6163522012578616
ISIC2020_ENSEMBLE,gain,512,Stacking,0.7175880894151235,0.0892166695592824,0.7524234732882786,0.6660980338361094,0.576592082616179,0.7556039850560399,0.01776704076327941,24270,7850,246,335,32701,0.5215146299483648,0.3855421686746988,0.2736660929432014
