fold,ranking,dataset,classifier,k_features,threshold,accuracy,balanced_accuracy,sensitivity,specificity,f1_melanoma,auroc,auprc,prevalence,tn,fp,fn,tp,n_samples,sens_at_spec80,sens_at_spec90,sens_at_spec95
1,shap,HAM10000_test,SVM-RBF,256,0.003183461783802841,0.8117823265102346,0.7979996976873079,0.7802690582959642,0.8157303370786517,0.48,0.8589131858719202,0.5857075332769768,0.11133300049925113,1452,328,49,174,2003,0.7892376681614349,0.6771300448430493,0.515695067264574
1,shap,ISIC2020_external,SVM-RBF,256,0.003183461783802841,0.75722454970796,0.6178408796188133,0.47332185886402756,0.762359900373599,0.0647897278831429,0.6607844025095222,0.06471749341685298,0.01776704076327941,24487,7633,306,275,32701,0.42857142857142855,0.27710843373493976,0.20309810671256454
1,shap,HAM10000_test,XGBoost,256,0.0031980841886252165,0.8577134298552171,0.8101136191867788,0.7488789237668162,0.8713483146067416,0.5395799676898223,0.9073890260492768,0.6177587702782885,0.11133300049925113,1551,229,56,167,2003,0.8385650224215246,0.695067264573991,0.5695067264573991
1,shap,ISIC2020_external,XGBoost,256,0.0031980841886252165,0.8902785847527599,0.6238849098582553,0.3476764199655766,0.9000933997509339,0.10120240480961924,0.6836397716823529,0.08335988564836429,0.01776704076327941,28911,3209,379,202,32701,0.47160068846815834,0.3476764199655766,0.2512908777969019
1,shap,HAM10000_test,RandomForest,256,0.06333333333333334,0.8377433849226161,0.8106451856703785,0.7757847533632287,0.8455056179775281,0.5156482861400894,0.8992139870005543,0.5985683307913745,0.11133300049925113,1505,275,50,173,2003,0.8161434977578476,0.695067264573991,0.5605381165919282
1,shap,ISIC2020_external,RandomForest,256,0.06333333333333334,0.8601877618421455,0.6330728893156686,0.39759036144578314,0.8685554171855542,0.09177592371871275,0.6891157406712778,0.08135984199335919,0.01776704076327941,27898,4222,350,231,32701,0.46815834767641995,0.3493975903614458,0.25989672977624784
1,shap,HAM10000_test,KNN,256,0.08559073183859484,0.8761857214178732,0.7695142842747015,0.6322869955156951,0.9067415730337078,0.5320754716981132,0.7833161183050336,0.48196294875639645,0.11133300049925113,1614,166,82,141,2003,0.6322869955156951,0.6322869955156951,0.5246636771300448
1,shap,ISIC2020_external,KNN,256,0.08559073183859484,0.9208586893367176,0.574385104909944,0.21514629948364888,0.9336239103362391,0.08809020436927413,0.5770005658642398,0.05430718474443579,0.01776704076327941,29988,2132,456,125,32701,0.21514629948364888,0.21514629948364888,0.18244406196213425
1,shap,HAM10000_test,Stacking,256,0.04709041914255927,0.8287568647029456,0.8114727666649871,0.7892376681614349,0.8337078651685393,0.5064748201438849,0.9004509497657076,0.6034860774829033,0.11133300049925113,1484,296,47,176,2003,0.8340807174887892,0.6905829596412556,0.5426008968609866
1,shap,ISIC2020_external,Stacking,256,0.04709041914255927,0.8378031252866884,0.6309733240022892,0.4165232358003442,0.8454234122042341,0.08362128541810643,0.6862362633240667,0.08108035137168473,0.01776704076327941,27155,4965,339,242,32701,0.47160068846815834,0.33218588640275387,0.24612736660929432
1,shap,HAM10000_test,SVM-RBF,512,0.014910438457516217,0.8617074388417374,0.8025545422481988,0.726457399103139,0.8786516853932584,0.5391014975041597,0.870023177306394,0.5834036069485566,0.11133300049925113,1564,216,61,162,2003,0.8116591928251121,0.6771300448430493,0.5022421524663677
1,shap,ISIC2020_external,SVM-RBF,512,0.014910438457516217,0.8705238371915232,0.6062237028526846,0.33218588640275387,0.8802615193026152,0.08354978354978355,0.6686313480215115,0.0719880151738989,0.01776704076327941,28274,3846,388,193,32701,0.42512908777969016,0.2977624784853701,0.22030981067125646
1,shap,HAM10000_test,XGBoost,512,0.0045439135283231735,0.8657014478282576,0.806762986849398,0.7309417040358744,0.8825842696629214,0.5478991596638656,0.9084042928402277,0.6166715518031294,0.11133300049925113,1571,209,60,163,2003,0.8385650224215246,0.6905829596412556,0.5381165919282511
1,shap,ISIC2020_external,XGBoost,512,0.0045439135283231735,0.9016543836579921,0.6203804901155949,0.3287435456110155,0.9120174346201744,0.10617009449694274,0.694827111327359,0.0837562812547017,0.01776704076327941,29294,2826,390,191,32701,0.4784853700516351,0.3459552495697074,0.26506024096385544
1,shap,HAM10000_test,RandomForest,512,0.13666666666666666,0.8766849725411883,0.7933302262306645,0.6860986547085202,0.900561797752809,0.5533453887884268,0.899686350581952,0.5940902016983617,0.11133300049925113,1603,177,70,153,2003,0.8430493273542601,0.6860986547085202,0.5605381165919282
1,shap,ISIC2020_external,RandomForest,512,0.13666666666666666,0.9283202348552032,0.6111390857863048,0.2822719449225473,0.9400062266500623,0.12275449101796407,0.6974874770385581,0.08235676838013778,0.01776704076327941,30193,1927,417,164,32701,0.47160068846815834,0.3459552495697074,0.2547332185886403
1,shap,HAM10000_test,KNN,512,0.08796780599386406,0.8701947079380928,0.7641822441678843,0.6278026905829597,0.900561797752809,0.5185185185185185,0.779747568902101,0.4668286568358495,0.11133300049925113,1603,177,83,140,2003,0.6322869955156951,0.6278026905829597,0.48878923766816146
1,shap,ISIC2020_external,KNN,512,0.08796780599386406,0.904620653802636,0.5720343569617378,0.22719449225473323,0.9168742216687422,0.07803724504877328,0.5763799906975349,0.05250537362037255,0.01776704076327941,29450,2670,449,132,32701,0.2289156626506024,0.2289156626506024,0.18072289156626506
1,shap,HAM10000_test,Stacking,512,0.14243857272960747,0.8836744882675986,0.7874565425505115,0.6636771300448431,0.9112359550561798,0.5595463137996219,0.9012772711240994,0.6019661504217435,0.11133300049925113,1622,158,75,148,2003,0.8430493273542601,0.6905829596412556,0.5291479820627802
1,shap,ISIC2020_external,Stacking,512,0.14243857272960747,0.9353536589095135,0.6037341681259819,0.25989672977624784,0.947571606475716,0.125,0.6959994041278081,0.08423405795867221,0.01776704076327941,30436,1684,430,151,32701,0.4802065404475043,0.3528399311531842,0.25645438898450945
1,shap,HAM10000_test,SVM-RBF,all,0.022482302969806883,0.8597104343484773,0.7994696931526175,0.7219730941704036,0.8769662921348315,0.5339966832504146,0.8797097798155892,0.5912777410893365,0.11133300049925113,1561,219,62,161,2003,0.8071748878923767,0.672645739910314,0.5381165919282511
1,shap,ISIC2020_external,SVM-RBF,all,0.022482302969806883,0.8491789241919208,0.6038083842218188,0.3493975903614458,0.8582191780821918,0.07605844885724991,0.6546098644712278,0.07341557760828989,0.01776704076327941,27566,4554,378,203,32701,0.43029259896729777,0.29259896729776247,0.2134251290877797
1,shap,HAM10000_test,XGBoost,all,0.0342520996928215,0.8941587618572142,0.7815878974152264,0.6367713004484304,0.9264044943820224,0.5725806451612904,0.9084194084748324,0.621341627813034,0.11133300049925113,1649,131,81,142,2003,0.8385650224215246,0.695067264573991,0.5695067264573991
1,shap,ISIC2020_external,XGBoost,all,0.0342520996928215,0.9467294578147457,0.5968496740922058,0.23407917383820998,0.9596201743462017,0.13505461767626614,0.6862421577432306,0.08345501026395898,0.01776704076327941,30823,1297,445,136,32701,0.46815834767641995,0.3493975903614458,0.2512908777969019
1,shap,HAM10000_test,RandomForest,all,0.06666666666666667,0.8217673489765353,0.8173464503451403,0.8116591928251121,0.8230337078651685,0.5034770514603616,0.9002342923363732,0.5976847800356784,0.11133300049925113,1465,315,42,181,2003,0.8340807174887892,0.6816143497757847,0.5515695067264574
1,shap,ISIC2020_external,RandomForest,all,0.06666666666666667,0.8207700070334241,0.6307528995183723,0.43373493975903615,0.8277708592777085,0.07918303220738414,0.6968681879269434,0.08222958987867046,0.01776704076327941,26588,5532,329,252,32701,0.46987951807228917,0.3528399311531842,0.25301204819277107
1,shap,HAM10000_test,KNN,all,0.08910194691466572,0.8671992011982027,0.7605355973194942,0.6233183856502242,0.8977528089887641,0.5110294117647058,0.7855570111351842,0.4586844184751001,0.11133300049925113,1598,182,84,139,2003,0.6547085201793722,0.6143497757847534,0.47085201793721976
1,shap,ISIC2020_external,KNN,all,0.08910194691466572,0.8709213785511146,0.5633301217679828,0.24440619621342513,0.8822540473225404,0.06304106548279689,0.5663916562889166,0.0462691480550467,0.01776704076327941,28338,3782,439,142,32701,0.24784853700516352,0.22203098106712565,0.14629948364888123
1,shap,HAM10000_test,Stacking,all,0.1642167492657962,0.8856714927608587,0.784657630876203,0.6547085201793722,0.9146067415730337,0.5604606525911708,0.9033506323373809,0.6148162619887174,0.11133300049925113,1628,152,77,146,2003,0.8340807174887892,0.7085201793721974,0.547085201793722
1,shap,ISIC2020_external,Stacking,all,0.1642167492657962,0.9395431332375157,0.6041767586267504,0.25645438898450945,0.9518991282689913,0.130989010989011,0.7028811920873317,0.08382962596311579,0.01776704076327941,30575,1545,432,149,32701,0.4853700516351119,0.35456110154905335,0.25989672977624784
1,gain,HAM10000_test,SVM-RBF,256,0.022483880241000054,0.8552171742386421,0.7851740817251978,0.695067264573991,0.8752808988764045,0.5166666666666667,0.8595392250717993,0.5751444935749359,0.11133300049925113,1558,222,68,155,2003,0.7488789237668162,0.6591928251121076,0.515695067264574
1,gain,ISIC2020_external,SVM-RBF,256,0.022483880241000054,0.8563040885599829,0.5989852221552997,0.33218588640275387,0.8657845579078456,0.07590953785644051,0.6528589272585807,0.06797801877607895,0.01776704076327941,27809,4311,388,193,32701,0.42857142857142855,0.2908777969018933,0.20654044750430292
1,gain,HAM10000_test,XGBoost,256,0.005070514045655727,0.8602096854717923,0.807595606388875,0.7399103139013453,0.8752808988764045,0.5409836065573771,0.8994205673401522,0.605957083943744,0.11133300049925113,1558,222,58,165,2003,0.8161434977578476,0.6995515695067265,0.5605381165919282
1,gain,ISIC2020_external,XGBoost,256,0.005070514045655727,0.9043148527567965,0.6158196564946854,0.31669535283993117,0.9149439601494396,0.10523305690591936,0.6799329590198546,0.08330525323921159,0.01776704076327941,29388,2732,397,184,32701,0.46815834767641995,0.3304647160068847,0.25989672977624784
1,gain,HAM10000_test,RandomForest,256,0.043333333333333335,0.8092860708936596,0.8122852320249911,0.8161434977578476,0.8084269662921348,0.4879356568364611,0.8921247543709376,0.5892328081741265,0.11133300049925113,1439,341,41,182,2003,0.8161434977578476,0.6905829596412556,0.547085201793722
1,gain,ISIC2020_external,RandomForest,256,0.043333333333333335,0.7974068071312804,0.6391404436461376,0.4750430292598967,0.8032378580323786,0.07691235892434165,0.6788091612134358,0.07973669340203061,0.01776704076327941,25800,6320,305,276,32701,0.4750430292598967,0.33907056798623064,0.26161790017211706
1,gain,HAM10000_test,KNN,256,0.08777373273657643,0.8761857214178732,0.7675530306847382,0.6278026905829597,0.9073033707865169,0.5303030303030303,0.7805461782637173,0.4730284476906571,0.11133300049925113,1615,165,83,140,2003,0.6278026905829597,0.6278026905829597,0.5336322869955157
1,gain,ISIC2020_external,KNN,256,0.08777373273657643,0.929237637992722,0.5811854159209333,0.22030981067125646,0.9420610211706102,0.09961089494163425,0.5829845266138384,0.05332867206669405,0.01776704076327941,30259,1861,453,128,32701,0.22030981067125646,0.22030981067125646,0.19965576592082615
1,gain,HAM10000_test,Stacking,256,0.05010748844935714,0.7948077883175237,0.8100229253791504,0.8295964125560538,0.7904494382022472,0.4737516005121639,0.8930216153574848,0.5993989975562717,0.11133300049925113,1407,373,38,185,2003,0.8161434977578476,0.6905829596412556,0.547085201793722
1,gain,ISIC2020_external,Stacking,256,0.05010748844935714,0.7552368429100027,0.6303493461481579,0.5008605851979346,0.7598381070983811,0.06778476589797344,0.6780797268418988,0.08144076492726607,0.01776704076327941,24406,7714,290,291,32701,0.47676419965576594,0.33907056798623064,0.25989672977624784
1,gain,HAM10000_test,SVM-RBF,512,0.00917252771083783,0.8212680978532202,0.7915692547992139,0.7533632286995515,0.8297752808988764,0.484149855907781,0.8673880183403033,0.5861711565821234,0.11133300049925113,1477,303,55,168,2003,0.7847533632286996,0.6636771300448431,0.5426008968609866
1,gain,ISIC2020_external,SVM-RBF,512,0.00917252771083783,0.765909299409804,0.6053614297074439,0.4388984509466437,0.7718244084682441,0.062461726883037354,0.6399349041781787,0.07040685745214498,0.01776704076327941,24791,7329,326,255,32701,0.41308089500860584,0.270223752151463,0.21686746987951808
1,gain,HAM10000_test,XGBoost,512,0.0011963198194280267,0.8222666000998502,0.8058598276817655,0.7847533632286996,0.8269662921348314,0.49575070821529743,0.9043784954905023,0.6138728125845612,0.11133300049925113,1472,308,48,175,2003,0.8161434977578476,0.6816143497757847,0.547085201793722
1,gain,ISIC2020_external,XGBoost,512,0.0011963198194280267,0.849668205865264,0.6302530259804562,0.4027538726333907,0.8577521793275218,0.08692421991084695,0.6839767449088294,0.08316633325380812,0.01776704076327941,27551,4569,347,234,32701,0.459552495697074,0.342512908777969,0.24612736660929432
1,gain,HAM10000_test,RandomForest,512,0.056666666666666664,0.8257613579630554,0.8156711341764498,0.8026905829596412,0.8286516853932584,0.5063649222065064,0.9045951529198367,0.593048990835827,0.11133300049925113,1475,305,44,179,2003,0.8251121076233184,0.6860986547085202,0.5560538116591929
1,gain,ISIC2020_external,RandomForest,512,0.056666666666666664,0.8335830708541023,0.6465705197591647,0.45266781411359724,0.8404732254047322,0.08813672922252011,0.6937312048407114,0.0849680570873149,0.01776704076327941,26996,5124,318,263,32701,0.47160068846815834,0.35456110154905335,0.2667814113597246
1,gain,HAM10000_test,KNN,512,0.09037983111013448,0.8826759860209685,0.7398246586385853,0.5560538116591929,0.9235955056179775,0.5134575569358178,0.7710938680908953,0.46081458065245595,0.11133300049925113,1644,136,99,124,2003,0.6143497757847534,0.6143497757847534,0.5067264573991032
1,gain,ISIC2020_external,KNN,512,0.09037983111013448,0.9222653741475796,0.5649609467937575,0.1944922547332186,0.9354296388542964,0.08164739884393063,0.5764683801921795,0.049857284051647625,0.01776704076327941,30046,2074,468,113,32701,0.23235800344234078,0.23235800344234078,0.16523235800344235
1,gain,HAM10000_test,Stacking,512,0.05803959418946661,0.8287568647029456,0.8173565274348769,0.8026905829596412,0.8320224719101124,0.5106990014265336,0.9044490351186576,0.6020405561775216,0.11133300049925113,1481,299,44,179,2003,0.8251121076233184,0.6860986547085202,0.5650224215246636
1,gain,ISIC2020_external,Stacking,512,0.05803959418946661,0.8300051986177793,0.6430591874703939,0.44922547332185886,0.836892901618929,0.08584114454859398,0.6889715953299053,0.08390206513969907,0.01776704076327941,26881,5239,320,261,32701,0.4819277108433735,0.35972461273666095,0.2633390705679862
2,shap,HAM10000_test,SVM-RBF,256,0.028309920561924985,0.8791812281577633,0.8472856629790937,0.8063063063063063,0.888265019651881,0.5966666666666667,0.9192451856685433,0.6843065482419602,0.1108337493759361,1582,199,43,179,2003,0.8828828828828829,0.7792792792792793,0.6531531531531531
2,shap,ISIC2020_external,SVM-RBF,256,0.028309920561924985,0.915415430720773,0.59949985853394,0.2719449225473322,0.927054794520548,0.10253082414016872,0.6555142827134904,0.06033054027934542,0.01776704076327941,29777,2343,423,158,32701,0.43029259896729777,0.32013769363166955,0.22547332185886404
2,shap,HAM10000_test,XGBoost,256,0.001383855938911438,0.817773339990015,0.8462701893358828,0.8828828828828829,0.8096574957888827,0.5178335535006605,0.9210560925889394,0.7099880109816075,0.1108337493759361,1442,339,26,196,2003,0.8918918918918919,0.7567567567567568,0.6351351351351351
2,shap,ISIC2020_external,XGBoost,256,0.001383855938911438,0.867802207883551,0.6276537746788613,0.37865748709122204,0.8766500622665007,0.09237875288683603,0.6927674137217792,0.07751971881567452,0.01776704076327941,28158,3962,361,220,32701,0.4612736660929432,0.3459552495697074,0.24784853700516352
2,shap,HAM10000_test,RandomForest,256,0.09333333333333334,0.853220169745382,0.8386016561199043,0.8198198198198198,0.8573834924199888,0.5531914893617021,0.9195866276158248,0.6997181713359009,0.1108337493759361,1527,254,40,182,2003,0.8783783783783784,0.7657657657657657,0.6261261261261262
2,shap,ISIC2020_external,RandomForest,256,0.09333333333333334,0.9133971438182319,0.6136827955836868,0.3029259896729776,0.924439601494396,0.11055276381909548,0.67443314442613,0.07585319848490243,0.01776704076327941,29693,2427,405,176,32701,0.45266781411359724,0.3373493975903614,0.2512908777969019
2,shap,HAM10000_test,KNN,256,0.08694874174967489,0.8751872191712431,0.8292676449610756,0.7702702702702703,0.888265019651881,0.5777027027027027,0.8564552761633053,0.638343080898107,0.1108337493759361,1582,199,51,171,2003,0.7747747747747747,0.7477477477477478,0.6351351351351351
2,shap,ISIC2020_external,KNN,256,0.08694874174967489,0.9218678327879881,0.5884191007045438,0.24268502581755594,0.9341531755915318,0.09940077546704265,0.5916417672111681,0.05540811177497536,0.01776704076327941,30005,2115,440,141,32701,0.24268502581755594,0.24268502581755594,0.22030981067125646
2,shap,HAM10000_test,Stacking,256,0.050344668937611366,0.7483774338492262,0.8230192573258267,0.918918918918919,0.7271195957327344,0.4473684210526316,0.9231755618616933,0.7109099695376716,0.1108337493759361,1295,486,18,204,2003,0.8873873873873874,0.7657657657657657,0.6306306306306306
2,shap,ISIC2020_external,Stacking,256,0.050344668937611366,0.7481116785419406,0.634327489641898,0.5163511187607573,0.7523038605230387,0.06789634491343216,0.6745366986537146,0.07799895425926291,0.01776704076327941,24164,7956,281,300,32701,0.46987951807228917,0.3442340791738382,0.2495697074010327
2,shap,HAM10000_test,SVM-RBF,512,0.00779114861425488,0.8192710933599601,0.831340324041054,0.8468468468468469,0.8158338012352611,0.5094850948509485,0.9137441765178993,0.685294175648114,0.1108337493759361,1453,328,34,188,2003,0.8648648648648649,0.7657657657657657,0.6621621621621622
2,shap,ISIC2020_external,SVM-RBF,512,0.00779114861425488,0.8094247882327757,0.6131474215667152,0.40963855421686746,0.816656288916563,0.07096004770423375,0.6365363428451397,0.062352287269145726,0.01776704076327941,26231,5889,343,238,32701,0.42168674698795183,0.31841652323580033,0.22030981067125646
2,shap,HAM10000_test,XGBoost,512,0.0014557767426595092,0.8132800798801797,0.8516295633083955,0.9009009009009009,0.80235822571589,0.5167958656330749,0.9234992994117082,0.708304549881425,0.1108337493759361,1429,352,22,200,2003,0.9009009009009009,0.7522522522522522,0.6486486486486487
2,shap,ISIC2020_external,XGBoost,512,0.0014557767426595092,0.862787070731782,0.6284809224444479,0.3855421686746988,0.8714196762141968,0.09078014184397164,0.6887009879046518,0.07906544395856668,0.01776704076327941,27990,4130,357,224,32701,0.4629948364888124,0.33907056798623064,0.2512908777969019
2,shap,HAM10000_test,RandomForest,512,0.056666666666666664,0.8057913130304544,0.8434754237673946,0.8918918918918919,0.7950589556428973,0.5044585987261146,0.9212710745557461,0.7004245512214962,0.1108337493759361,1416,365,24,198,2003,0.8783783783783784,0.7297297297297297,0.6171171171171171
2,shap,ISIC2020_external,RandomForest,512,0.056666666666666664,0.8455398917464297,0.6357566987394517,0.41824440619621345,0.85326899128269,0.08777316236229005,0.6718923282527013,0.07621875019090318,0.01776704076327941,27407,4713,338,243,32701,0.4664371772805508,0.33907056798623064,0.24784853700516352
2,shap,HAM10000_test,KNN,512,0.08755198551260693,0.8681977034448327,0.8253372687679257,0.7702702702702703,0.8804042672655812,0.5643564356435643,0.858531749042698,0.6402222499887906,0.1108337493759361,1568,213,51,171,2003,0.7792792792792793,0.7612612612612613,0.6711711711711712
2,shap,ISIC2020_external,KNN,512,0.08755198551260693,0.9152013699886854,0.5900956878572822,0.25301204819277107,0.9271793275217933,0.09585914574502771,0.5935209080406307,0.05505226881106741,0.01776704076327941,29781,2339,434,147,32701,0.25301204819277107,0.25301204819277107,0.2134251290877797
2,shap,HAM10000_test,Stacking,512,0.0673081331705893,0.7993010484273589,0.8417972998264969,0.8963963963963963,0.7871982032565974,0.4975,0.9235422958050696,0.7075754196804012,0.1108337493759361,1402,379,23,199,2003,0.8828828828828829,0.7387387387387387,0.6261261261261262
2,shap,ISIC2020_external,Stacking,512,0.0673081331705893,0.8281398122381578,0.6378845304720037,0.4406196213425129,0.8351494396014943,0.08349641226353555,0.6714641522860701,0.07485974741934749,0.01776704076327941,26825,5295,325,256,32701,0.47676419965576594,0.3493975903614458,0.2495697074010327
2,shap,HAM10000_test,SVM-RBF,all,0.05196919447515992,0.8846729905142287,0.8346017269374933,0.7702702702702703,0.8989331836047164,0.5968586387434555,0.916351781315285,0.7063659428137272,0.1108337493759361,1601,180,51,171,2003,0.8783783783783784,0.7702702702702703,0.6666666666666666
2,shap,ISIC2020_external,SVM-RBF,all,0.05196919447515992,0.9236720589584416,0.6104629959082013,0.2857142857142857,0.935211706102117,0.1173974540311174,0.6820973629440372,0.06894882479890967,0.01776704076327941,30039,2081,415,166,32701,0.4819277108433735,0.3442340791738382,0.24268502581755594
2,shap,HAM10000_test,XGBoost,all,0.0011349261039867997,0.8032950574138792,0.8499577623665215,0.9099099099099099,0.790005614823133,0.506265664160401,0.9252874435356188,0.7084803110849832,0.1108337493759361,1407,374,20,202,2003,0.8963963963963963,0.7477477477477478,0.6216216216216216
2,shap,ISIC2020_external,XGBoost,all,0.0011349261039867997,0.8456622121647656,0.6299038352306218,0.40619621342512907,0.8536114570361145,0.08552273962674398,0.6892850444653548,0.07908277584315679,0.01776704076327941,27418,4702,345,236,32701,0.4802065404475043,0.33562822719449226,0.2495697074010327
2,shap,HAM10000_test,RandomForest,all,0.04666666666666667,0.7683474787818273,0.8381919257831667,0.9279279279279279,0.7484559236384054,0.4703196347031963,0.9244022236722966,0.6997833133267293,0.1108337493759361,1333,448,16,206,2003,0.8828828828828829,0.7387387387387387,0.6261261261261262
2,shap,ISIC2020_external,RandomForest,all,0.04666666666666667,0.7892724993119477,0.6459849628008565,0.4974182444061962,0.7945516811955168,0.07738653099477842,0.6815261401414232,0.07319009287220034,0.01776704076327941,25521,6599,292,289,32701,0.4802065404475043,0.3373493975903614,0.23752151462994836
2,shap,HAM10000_test,KNN,all,0.0915502089921477,0.8956565152271593,0.8052908326630954,0.6891891891891891,0.9213924761370017,0.5941747572815534,0.8537894997749014,0.6241099460728958,0.1108337493759361,1641,140,69,153,2003,0.7792792792792793,0.7252252252252253,0.6396396396396397
2,shap,ISIC2020_external,KNN,all,0.0915502089921477,0.9372802054983028,0.5759842340363053,0.20137693631669534,0.9505915317559153,0.10240700218818381,0.5916780446818406,0.053802977630635816,0.01776704076327941,30533,1587,464,117,32701,0.2736660929432014,0.2719449225473322,0.20137693631669534
2,shap,HAM10000_test,Stacking,all,0.06441324381757065,0.7608587119321019,0.8359523195289619,0.9324324324324325,0.7394722066254913,0.46360582306830905,0.9264205249606711,0.7097196220371552,0.1108337493759361,1317,464,15,207,2003,0.8873873873873874,0.7342342342342343,0.6351351351351351
2,shap,ISIC2020_external,Stacking,all,0.06441324381757065,0.7779578606158833,0.6495205157938282,0.5163511187607573,0.7826899128268991,0.07632616715430607,0.6860777570341854,0.07484342933271945,0.01776704076327941,25140,6980,281,300,32701,0.49569707401032703,0.3459552495697074,0.24268502581755594
2,gain,HAM10000_test,SVM-RBF,256,0.05730643847134564,0.8876684972541188,0.8284001294950201,0.7522522522522522,0.9045480067377878,0.5974955277280859,0.9115538896560796,0.6944113588774187,0.1108337493759361,1611,170,55,167,2003,0.8693693693693694,0.7567567567567568,0.6486486486486487
2,gain,ISIC2020_external,SVM-RBF,256,0.05730643847134564,0.9312559248952631,0.5898179803362177,0.23580034423407917,0.9438356164383561,0.10864393338620143,0.6080354865467921,0.06061577635520558,0.01776704076327941,30316,1804,444,137,32701,0.3924268502581756,0.2977624784853701,0.22547332185886404
2,gain,HAM10000_test,XGBoost,256,0.000647359061986208,0.7698452321517724,0.83509112706193,0.918918918918919,0.751263335204941,0.46950517836593786,0.9288005017932025,0.7123087253547521,0.1108337493759361,1338,443,18,204,2003,0.8873873873873874,0.7612612612612613,0.6306306306306306
2,gain,ISIC2020_external,XGBoost,256,0.000647359061986208,0.8002201767530045,0.627897294568775,0.44922547332185886,0.8065691158156911,0.0739900779588944,0.6826668174209023,0.07869850086109187,0.01776704076327941,25907,6213,320,261,32701,0.45266781411359724,0.33907056798623064,0.2495697074010327
2,gain,HAM10000_test,RandomForest,256,0.03333333333333333,0.7668497254118821,0.8353781912176073,0.9234234234234234,0.7473329590117911,0.467502850627138,0.9194437278378885,0.7086000531588141,0.1108337493759361,1331,450,17,205,2003,0.8828828828828829,0.7567567567567568,0.6351351351351351
2,gain,ISIC2020_external,RandomForest,256,0.03333333333333333,0.7873153726185743,0.6272433087625364,0.4612736660929432,0.7932129514321296,0.07155252970230944,0.6644071393204914,0.07812268885040946,0.01776704076327941,25478,6642,313,268,32701,0.4509466437177281,0.3476764199655766,0.2512908777969019
2,gain,HAM10000_test,KNN,256,0.08867433545303595,0.8841737393909136,0.8224919192072477,0.7432432432432432,0.9017405951712522,0.5871886120996441,0.8540550657338979,0.6356640162861897,0.1108337493759361,1606,175,57,165,2003,0.7702702702702703,0.7477477477477478,0.6396396396396397
2,gain,ISIC2020_external,KNN,256,0.08867433545303595,0.924864683037216,0.5814944442420098,0.22547332185886404,0.9375155666251557,0.09635895549834499,0.5822680867572765,0.05247082093539228,0.01776704076327941,30113,2007,450,131,32701,0.22547332185886404,0.22547332185886404,0.20137693631669534
2,gain,HAM10000_test,Stacking,256,0.06476724871544662,0.7758362456315526,0.8364885098461741,0.9144144144144144,0.7585626052779337,0.47485380116959064,0.9235170038089746,0.718781289744609,0.1108337493759361,1351,430,19,203,2003,0.8783783783783784,0.7702702702702703,0.6396396396396397
2,gain,ISIC2020_external,Stacking,256,0.06476724871544662,0.8053270542185255,0.6296519023969923,0.4475043029259897,0.811799501867995,0.07551553877432472,0.6617129074919139,0.07802733558504814,0.01776704076327941,26075,6045,321,260,32701,0.45611015490533563,0.3528399311531842,0.2512908777969019
2,gain,HAM10000_test,SVM-RBF,512,0.006198089200128573,0.7693459810284573,0.8111522527580922,0.8648648648648649,0.7574396406513195,0.45390070921985815,0.9089816936532266,0.6823829497626268,0.1108337493759361,1349,432,30,192,2003,0.8648648648648649,0.7612612612612613,0.6486486486486487
2,gain,ISIC2020_external,SVM-RBF,512,0.006198089200128573,0.7668878627564907,0.6050145431396463,0.43717728055077454,0.7728518057285181,0.06247694010576805,0.6393502849683736,0.06127640306633622,0.01776704076327941,24824,7296,327,254,32701,0.4079173838209983,0.30120481927710846,0.2306368330464716
2,gain,HAM10000_test,XGBoost,512,0.0008730976260267198,0.7908137793310035,0.8449107445457811,0.9144144144144144,0.7754070746771476,0.4921212121212121,0.9247082568250452,0.7077471645931985,0.1108337493759361,1381,400,19,203,2003,0.8873873873873874,0.7702702702702703,0.6216216216216216
2,gain,ISIC2020_external,XGBoost,512,0.0008730976260267198,0.8274364698327268,0.6223161637834026,0.40963855421686746,0.8349937733499377,0.07779048864193495,0.6835124254355975,0.0781174510847038,0.01776704076327941,26820,5300,343,238,32701,0.45438898450946646,0.3493975903614458,0.24268502581755594
2,gain,HAM10000_test,RandomForest,512,0.04666666666666667,0.7893160259610584,0.8361824766934256,0.8963963963963963,0.7759685569904547,0.4853658536585366,0.9172926435700158,0.6976180672184122,0.1108337493759361,1382,399,23,199,2003,0.8783783783783784,0.7477477477477478,0.6126126126126126
2,gain,ISIC2020_external,RandomForest,512,0.04666666666666667,0.8281398122381578,0.6353494747536669,0.4354561101549053,0.8352428393524284,0.08259875938622266,0.6783085910623458,0.07634678318108294,0.01776704076327941,26828,5292,328,253,32701,0.46987951807228917,0.342512908777969,0.24784853700516352
2,gain,HAM10000_test,KNN,512,0.08566078991916899,0.8647029455816275,0.8273151028625481,0.7792792792792793,0.8753509264458169,0.5607779578606159,0.8552197621540687,0.6349746070692706,0.1108337493759361,1559,222,49,173,2003,0.7792792792792793,0.7342342342342343,0.6171171171171171
2,gain,ISIC2020_external,KNN,512,0.08566078991916899,0.9211339102779732,0.5939606317102604,0.2547332185886403,0.9331880448318804,0.10295652173913043,0.5973444837882039,0.05738992382979803,0.01776704076327941,29974,2146,433,148,32701,0.2547332185886403,0.2547332185886403,0.2306368330464716
2,gain,HAM10000_test,Stacking,512,0.06778603540620737,0.7848227658512231,0.8336558062835435,0.8963963963963963,0.7709152161706906,0.48009650180940894,0.9219033744581191,0.7076686110569508,0.1108337493759361,1373,408,23,199,2003,0.8873873873873874,0.7612612612612613,0.6126126126126126
2,gain,ISIC2020_external,Stacking,512,0.06778603540620737,0.818659979817131,0.634748913819305,0.4440619621342513,0.8254358655043587,0.08004964318957493,0.6762163937729212,0.07774668944448543,0.01776704076327941,26513,5607,323,258,32701,0.47332185886402756,0.3442340791738382,0.2495697074010327
3,shap,HAM10000_test,SVM-RBF,256,0.018108756275978473,0.8347478781827259,0.8285723283115836,0.820627802690583,0.8365168539325842,0.5251076040172167,0.9067541693958785,0.6871851538169297,0.11133300049925113,1489,291,40,183,2003,0.8565022421524664,0.7309417040358744,0.6278026905829597
3,shap,ISIC2020_external,SVM-RBF,256,0.018108756275978473,0.7800373077275924,0.6108631733838038,0.4354561101549053,0.7862702366127023,0.06572282114560332,0.6487232688090916,0.06012439781308927,0.01776704076327941,25255,6865,328,253,32701,0.4113597246127367,0.3046471600688468,0.22030981067125646
3,shap,HAM10000_test,XGBoost,256,0.029298193752765656,0.8881677483774338,0.8292097042374162,0.7533632286995515,0.9050561797752809,0.6,0.9277850556759207,0.7005315840131048,0.11133300049925113,1611,169,55,168,2003,0.9013452914798207,0.7668161434977578,0.6143497757847534
3,shap,ISIC2020_external,XGBoost,256,0.029298193752765656,0.9272499311947647,0.604679123896404,0.270223752151463,0.939134495641345,0.11659858893427405,0.6858857597263275,0.07945046330421815,0.01776704076327941,30165,1955,424,157,32701,0.47332185886402756,0.33390705679862304,0.24784853700516352
3,shap,HAM10000_test,RandomForest,256,0.13333333333333333,0.8841737393909136,0.8406912883559228,0.7847533632286996,0.8966292134831461,0.6013745704467354,0.9278354411246031,0.6884061220101378,0.11133300049925113,1596,184,48,175,2003,0.8789237668161435,0.7802690582959642,0.6278026905829597
3,shap,ISIC2020_external,RandomForest,256,0.13333333333333333,0.9263936882664139,0.6169185369837292,0.29604130808950085,0.9377957658779577,0.12504543802253726,0.7058695554321895,0.0820019412086895,0.01776704076327941,30122,1998,409,172,32701,0.4802065404475043,0.3407917383820998,0.2685025817555938
3,shap,HAM10000_test,KNN,256,0.08782765309933908,0.8637044433349975,0.8193681664735224,0.7623318385650224,0.8764044943820225,0.5546492659053833,0.8479707260543154,0.6500026445405482,0.11133300049925113,1560,220,53,170,2003,0.7623318385650224,0.726457399103139,0.6278026905829597
3,shap,ISIC2020_external,KNN,256,0.08782765309933908,0.8370997828812574,0.5875193444119835,0.3287435456110155,0.8462951432129514,0.06691189350148888,0.5967949363724244,0.054357915107152516,0.01776704076327941,27183,4937,390,191,32701,0.33218588640275387,0.25645438898450945,0.2082616179001721
3,shap,HAM10000_test,Stacking,256,0.1534928019367497,0.871193210184723,0.8412329319292589,0.8026905829596412,0.8797752808988764,0.5811688311688312,0.9288834584571976,0.7030250192214013,0.11133300049925113,1566,214,44,179,2003,0.8878923766816144,0.7802690582959642,0.6278026905829597
3,shap,ISIC2020_external,Stacking,256,0.1534928019367497,0.9067001009143452,0.6237940018390588,0.3304647160068847,0.9171232876712329,0.11179039301310044,0.7014954677275193,0.08174673584288851,0.01776704076327941,29458,2662,389,192,32701,0.4905335628227194,0.35111876075731496,0.2547332185886403
3,shap,HAM10000_test,SVM-RBF,512,0.013720714595095326,0.8197703444832751,0.8181841084294856,0.8161434977578476,0.8202247191011236,0.5020689655172413,0.9108076787423792,0.6895677036900437,0.11133300049925113,1460,320,41,182,2003,0.8385650224215246,0.7399103139013453,0.6278026905829597
3,shap,ISIC2020_external,SVM-RBF,512,0.013720714595095326,0.7419956576251491,0.5982584402723865,0.44922547332185886,0.7472914072229141,0.058265431409755555,0.6562196303448985,0.06221441797871668,0.01776704076327941,24003,8117,320,261,32701,0.40619621342512907,0.306368330464716,0.21686746987951808
3,shap,HAM10000_test,XGBoost,512,0.055542707443237305,0.9001497753369945,0.8222225021413816,0.7219730941704036,0.9224719101123595,0.6168582375478927,0.9299289565173579,0.7071876712104855,0.11133300049925113,1642,138,62,161,2003,0.8878923766816144,0.7668161434977578,0.6278026905829597
3,shap,ISIC2020_external,XGBoost,512,0.055542707443237305,0.9394819730283478,0.5956954396486497,0.23924268502581755,0.9521481942714819,0.12317235268054941,0.6825713278304465,0.07781997464670064,0.01776704076327941,30583,1537,442,139,32701,0.45266781411359724,0.31841652323580033,0.24096385542168675
3,shap,HAM10000_test,RandomForest,512,0.22,0.909136295556665,0.8096273996069935,0.6816143497757847,0.9376404494382022,0.6255144032921811,0.9272446717388018,0.6899701240552322,0.11133300049925113,1669,111,71,152,2003,0.8968609865470852,0.7892376681614349,0.6278026905829597
3,shap,ISIC2020_external,RandomForest,512,0.22,0.9577994556741384,0.5864294395157574,0.20137693631669534,0.9714819427148195,0.1449814126394052,0.7116682974559687,0.08572545069132238,0.01776704076327941,31204,916,464,117,32701,0.48881239242685026,0.3493975903614458,0.26506024096385544
3,shap,HAM10000_test,KNN,512,0.08971998181498789,0.8666999500748876,0.80928603819217,0.7354260089686099,0.8831460674157303,0.5512605042016807,0.8571811860734619,0.6548362421565986,0.11133300049925113,1572,208,59,164,2003,0.7892376681614349,0.7040358744394619,0.6412556053811659
3,shap,ISIC2020_external,KNN,512,0.08971998181498789,0.8441026268309838,0.5767187858353893,0.29948364888123924,0.8539539227895392,0.06390011017260375,0.5928950814823071,0.061350910350125146,0.01776704076327941,27429,4691,407,174,32701,0.3373493975903614,0.26161790017211706,0.22375215146299485
3,shap,HAM10000_test,Stacking,512,0.2129122417499514,0.889166250624064,0.8376165163500782,0.7713004484304933,0.9039325842696629,0.607773851590106,0.9282561596211015,0.7027526633679578,0.11133300049925113,1609,171,51,172,2003,0.8878923766816144,0.7847533632286996,0.6278026905829597
3,shap,ISIC2020_external,Stacking,512,0.2129122417499514,0.9304302620714963,0.6130582014948247,0.28399311531841653,0.9421232876712329,0.12667946257197696,0.7112589300450333,0.08435354658743822,0.01776704076327941,30261,1859,416,165,32701,0.4819277108433735,0.35111876075731496,0.26506024096385544
3,shap,HAM10000_test,SVM-RBF,all,0.03535056449349789,0.8686969545681478,0.8417896911371996,0.8071748878923767,0.8764044943820225,0.5778491171749599,0.9206832266841336,0.7075379518650657,0.11133300049925113,1560,220,43,180,2003,0.874439461883408,0.7668161434977578,0.6367713004484304
3,shap,ISIC2020_external,SVM-RBF,all,0.03535056449349789,0.8159689306137426,0.6122535864861332,0.4010327022375215,0.8234744707347447,0.07186921653300432,0.6598143686648391,0.06597413111686051,0.01776704076327941,26450,5670,348,233,32701,0.43029259896729777,0.31153184165232356,0.21686746987951808
3,shap,HAM10000_test,XGBoost,all,0.01732862927019596,0.873689465801298,0.8406761727213181,0.7982062780269058,0.8831460674157303,0.5845648604269293,0.9306494684335163,0.7019194880051757,0.11133300049925113,1572,208,45,178,2003,0.9147982062780269,0.7533632286995515,0.6278026905829597
3,shap,ISIC2020_external,XGBoost,all,0.01732862927019596,0.9178924191920736,0.6075209037537805,0.2857142857142857,0.9293275217932753,0.11004308916141863,0.6987554201863494,0.08001341995397171,0.01776704076327941,29850,2270,415,166,32701,0.459552495697074,0.3304647160068847,0.23752151462994836
3,shap,HAM10000_test,RandomForest,all,0.18333333333333332,0.9011482775836246,0.8384743286138963,0.757847533632287,0.9191011235955057,0.6305970149253731,0.9304013200987555,0.6812322866380133,0.11133300049925113,1636,144,54,169,2003,0.905829596412556,0.7623318385650224,0.6322869955156951
3,shap,ISIC2020_external,RandomForest,all,0.18333333333333332,0.9497874682731415,0.5941812437438778,0.22547332185886404,0.9628891656288917,0.13760504201680673,0.6989801047277527,0.0822095644523771,0.01776704076327941,30928,1192,450,131,32701,0.47676419965576594,0.342512908777969,0.26506024096385544
3,shap,HAM10000_test,KNN,all,0.09339269481996745,0.8781827259111333,0.8275142338892527,0.7623318385650224,0.8926966292134831,0.5821917808219178,0.8911195646697234,0.6740949603633465,0.11133300049925113,1589,191,53,170,2003,0.874439461883408,0.7443946188340808,0.6278026905829597
3,shap,ISIC2020_external,KNN,all,0.09339269481996745,0.9148649888382618,0.5730240835249913,0.21858864027538727,0.9274595267745953,0.0836076366030283,0.5924071307467907,0.05835233383004125,0.01776704076327941,29790,2330,454,127,32701,0.3407917383820998,0.2495697074010327,0.18760757314974183
3,shap,HAM10000_test,Stacking,all,0.3161040739744023,0.9051422865701447,0.8269927444953897,0.726457399103139,0.9275280898876405,0.6303501945525292,0.9283216607043886,0.6842936824645509,0.11133300049925113,1651,129,61,162,2003,0.8968609865470852,0.7802690582959642,0.6278026905829597
3,shap,ISIC2020_external,Stacking,all,0.3161040739744023,0.9461484358276505,0.5931738339231325,0.22719449225473323,0.9591531755915318,0.13037037037037036,0.70087290989255,0.07859154518983986,0.01776704076327941,30808,1312,449,132,32701,0.48709122203098104,0.3476764199655766,0.25817555938037867
3,gain,HAM10000_test,SVM-RBF,256,0.03611322400111961,0.8567149276085871,0.819358089383786,0.7713004484304933,0.8674157303370786,0.5451664025356577,0.9058182596866026,0.6820449769416287,0.11133300049925113,1544,236,51,172,2003,0.852017937219731,0.7354260089686099,0.5919282511210763
3,gain,ISIC2020_external,SVM-RBF,256,0.03611322400111961,0.8270389284731354,0.596763240473011,0.35800344234079173,0.8355230386052304,0.06851119894598155,0.6119753699015954,0.056841828612052864,0.01776704076327941,26837,5283,373,208,32701,0.3924268502581756,0.2943201376936317,0.2134251290877797
3,gain,HAM10000_test,XGBoost,256,0.019755162298679352,0.871193210184723,0.8373104247493324,0.7937219730941704,0.8808988764044944,0.5784313725490197,0.9235980248904117,0.6992125354943785,0.11133300049925113,1568,212,46,177,2003,0.9013452914798207,0.7354260089686099,0.600896860986547
3,gain,ISIC2020_external,XGBoost,256,0.019755162298679352,0.9026329470046788,0.6031332320922187,0.29259896729776247,0.9136674968866749,0.09648127128263337,0.6726046420158485,0.07435869748217326,0.01776704076327941,29347,2773,411,170,32701,0.4457831325301205,0.31841652323580033,0.23752151462994836
3,gain,HAM10000_test,RandomForest,256,0.18,0.8981527708437343,0.8289439209956164,0.7399103139013453,0.9179775280898876,0.6179775280898876,0.9295460271073713,0.6730460934946796,0.11133300049925113,1634,146,58,165,2003,0.905829596412556,0.7757847533632287,0.6322869955156951
3,gain,ISIC2020_external,RandomForest,256,0.18,0.9442218892388612,0.5997983036933359,0.24268502581755594,0.9569115815691158,0.1339031339031339,0.6937530945700612,0.07667938848818093,0.01776704076327941,30736,1384,440,141,32701,0.4509466437177281,0.35111876075731496,0.25645438898450945
3,gain,HAM10000_test,KNN,256,0.08706033596653141,0.853220169745382,0.831120572378697,0.8026905829596412,0.8595505617977528,0.549079754601227,0.8651937320501839,0.6562166059693235,0.11133300049925113,1530,250,44,179,2003,0.8026905829596412,0.7309417040358744,0.6457399103139013
3,gain,ISIC2020_external,KNN,256,0.08706033596653141,0.8593315189137947,0.6055964294823843,0.342512908777969,0.8686799501867996,0.07963185274109644,0.6150546680584641,0.05936380715521706,0.01776704076327941,27902,4218,382,199,32701,0.3442340791738382,0.29948364888123924,0.2289156626506024
3,gain,HAM10000_test,Stacking,256,0.22904569219572088,0.8881677483774338,0.8390159721872323,0.7757847533632287,0.902247191011236,0.6070175438596491,0.9309265884012697,0.6892436365164669,0.11133300049925113,1606,174,50,173,2003,0.9103139013452914,0.7757847533632287,0.6233183856502242
3,gain,ISIC2020_external,Stacking,256,0.22904569219572088,0.9305525824898321,0.605515300840437,0.2685025817555938,0.9425280199252802,0.1207897793263647,0.6903855593160759,0.07845939467831013,0.01776704076327941,30274,1846,425,156,32701,0.46471600688468157,0.35456110154905335,0.25645438898450945
3,gain,HAM10000_test,SVM-RBF,512,0.03381373884428581,0.8647029455816275,0.8395425001259635,0.8071748878923767,0.8719101123595505,0.5705229793977813,0.9157857610722023,0.6988007281402504,0.11133300049925113,1552,228,43,180,2003,0.8834080717488789,0.7443946188340808,0.6278026905829597
3,gain,ISIC2020_external,SVM-RBF,512,0.03381373884428581,0.8416867985688511,0.6059096910681331,0.3614457831325301,0.850373599003736,0.07504020010720029,0.6558440486728984,0.06597112128850223,0.01776704076327941,27314,4806,371,210,32701,0.43201376936316693,0.3080895008605852,0.22203098106712565
3,gain,HAM10000_test,XGBoost,512,0.005722066853195429,0.8382426360459311,0.8521124099360105,0.8699551569506726,0.8342696629213483,0.5449438202247191,0.9305411397188492,0.7065539456055198,0.11133300049925113,1485,295,29,194,2003,0.9103139013452914,0.7443946188340808,0.6098654708520179
3,gain,ISIC2020_external,XGBoost,512,0.005722066853195429,0.8768539188404024,0.6128260685510232,0.33907056798623064,0.8865815691158156,0.08912010857272111,0.6788282376972755,0.07836558858453152,0.01776704076327941,28477,3643,384,197,32701,0.45266781411359724,0.31669535283993117,0.23580034423407917
3,gain,HAM10000_test,RandomForest,512,0.16666666666666666,0.8951572641038442,0.8429485564568953,0.7757847533632287,0.9101123595505618,0.6223021582733813,0.930537360810198,0.6881797853224819,0.11133300049925113,1620,160,50,173,2003,0.905829596412556,0.7892376681614349,0.6322869955156951
3,gain,ISIC2020_external,RandomForest,512,0.16666666666666666,0.9447417510167885,0.602597992039319,0.24784853700516352,0.9573474470734745,0.13747016706443915,0.7032591047341831,0.0827184595313914,0.01776704076327941,30750,1370,437,144,32701,0.4905335628227194,0.3459552495697074,0.26161790017211706
3,gain,HAM10000_test,KNN,512,0.17688527546553487,0.9011482775836246,0.8169005391243009,0.7085201793721974,0.9252808988764045,0.6147859922178989,0.8700055423993551,0.6648546745290325,0.11133300049925113,1647,133,65,158,2003,0.8161434977578476,0.757847533632287,0.672645739910314
3,gain,ISIC2020_external,KNN,512,0.17688527546553487,0.9440078285067734,0.5819439472888888,0.20654044750430292,0.9573474470734745,0.1158860453887011,0.6108736761670415,0.059246465866363375,0.01776704076327941,30750,1370,461,120,32701,0.33562822719449226,0.3029259896729776,0.22030981067125646
3,gain,HAM10000_test,Stacking,512,0.2072781205829729,0.8856714927608587,0.8493789993449892,0.8026905829596412,0.8960674157303371,0.6098807495741057,0.9311079760165265,0.6950073936965104,0.11133300049925113,1595,185,44,179,2003,0.9103139013452914,0.7892376681614349,0.6412556053811659
3,gain,ISIC2020_external,Stacking,512,0.2072781205829729,0.9303996819669124,0.6105075791513322,0.27882960413080893,0.9421855541718556,0.12461538461538461,0.7030741003508787,0.08260580895636295,0.01776704076327941,30263,1857,419,162,32701,0.49225473321858865,0.3476764199655766,0.26161790017211706
4,shap,HAM10000_test,SVM-RBF,256,0.019736680028873535,0.8612081877184223,0.819435381479177,0.7657657657657657,0.8731049971925884,0.5501618122977346,0.896194060427637,0.649654017525339,0.1108337493759361,1555,226,52,170,2003,0.8288288288288288,0.7297297297297297,0.6351351351351351
4,shap,ISIC2020_external,SVM-RBF,256,0.019736680028873535,0.8805541114950614,0.6155546487676377,0.3407917383820998,0.8903175591531756,0.09205020920502092,0.6844922654503444,0.07367169575873216,0.01776704076327941,28597,3523,383,198,32701,0.4612736660929432,0.3270223752151463,0.24096385542168675
4,shap,HAM10000_test,XGBoost,256,0.0011339853517711163,0.7988017973040439,0.8296874920962511,0.8693693693693694,0.790005614823133,0.4892268694550063,0.9187064661517216,0.7029987047318237,0.1108337493759361,1407,374,29,193,2003,0.8558558558558559,0.7477477477477478,0.6441441441441441
4,shap,ISIC2020_external,XGBoost,256,0.0011339853517711163,0.8267331274272958,0.6625190228982109,0.49225473321858865,0.8327833125778331,0.09169605642834242,0.7172187772616887,0.0882222874842485,0.01776704076327941,26749,5371,295,286,32701,0.540447504302926,0.4010327022375215,0.28399311531841653
4,shap,HAM10000_test,RandomForest,256,0.06,0.8147778332501248,0.8248706314399745,0.8378378378378378,0.8119034250421112,0.5006729475100942,0.9143208340288633,0.6616266285136381,0.1108337493759361,1446,335,36,186,2003,0.8423423423423423,0.7297297297297297,0.6216216216216216
4,shap,ISIC2020_external,RandomForest,256,0.06,0.8564875691874866,0.6573849034279798,0.4509466437177281,0.8638231631382316,0.1004408663983132,0.714828402741012,0.0894009089400506,0.01776704076327941,27746,4374,319,262,32701,0.5180722891566265,0.4044750430292599,0.2719449225473322
4,shap,HAM10000_test,KNN,256,0.08858365593532451,0.8876684972541188,0.802770485252237,0.6936936936936937,0.9118472768107805,0.5778611632270169,0.8290691027917304,0.615421859757193,0.1108337493759361,1624,157,68,154,2003,0.7117117117117117,0.7117117117117117,0.6171171171171171
4,shap,ISIC2020_external,KNN,256,0.08858365593532451,0.9418978012904804,0.5977702216087264,0.24096385542168675,0.9545765877957659,0.12844036697247707,0.6001297576000497,0.05814715993603743,0.01776704076327941,30661,1459,441,140,32701,0.24440619621342513,0.24440619621342513,0.24440619621342513
4,shap,HAM10000_test,Stacking,256,0.0546669829679034,0.8067898152770844,0.8243217951247148,0.8468468468468469,0.8017967434025828,0.4927916120576671,0.9168702672352307,0.6861354158447509,0.1108337493759361,1428,353,34,188,2003,0.8513513513513513,0.7387387387387387,0.6576576576576577
4,shap,ISIC2020_external,Stacking,256,0.0546669829679034,0.8343169933641174,0.6613094345001425,0.4819277108433735,0.8406911581569115,0.0936768149882904,0.7113173919660138,0.08986990993613807,0.01776704076327941,27003,5117,301,280,32701,0.5232358003442341,0.3993115318416523,0.27882960413080893
4,shap,HAM10000_test,SVM-RBF,512,0.005163204821357812,0.8042935596605092,0.822918089341447,0.8468468468468469,0.7989893318360471,0.4895833333333333,0.9028129758056764,0.6666374609081874,0.1108337493759361,1423,358,34,188,2003,0.8468468468468469,0.7342342342342343,0.6306306306306306
4,shap,ISIC2020_external,SVM-RBF,512,0.005163204821357812,0.7632794104155837,0.6302182757002034,0.49225473321858865,0.7681818181818182,0.06880789125466137,0.6873579177053347,0.07422538877238748,0.01776704076327941,24674,7446,295,286,32701,0.45266781411359724,0.3407917383820998,0.25301204819277107
4,shap,HAM10000_test,XGBoost,512,0.0014479946112260222,0.8027958062905641,0.8319334213494798,0.8693693693693694,0.7944974733295901,0.4942381562099872,0.92204753883586,0.7071865629988103,0.1108337493759361,1415,366,29,193,2003,0.8603603603603603,0.7477477477477478,0.6261261261261262
4,shap,ISIC2020_external,XGBoost,512,0.0014479946112260222,0.8385676279012875,0.6685433068334538,0.49225473321858865,0.8448318804483188,0.09776106648436164,0.7244469159327221,0.09012360601694448,0.01776704076327941,27136,4984,295,286,32701,0.5438898450946644,0.41308089500860584,0.270223752151463
4,shap,HAM10000_test,RandomForest,512,0.05333333333333334,0.7913130304543186,0.8215333525552504,0.8603603603603603,0.7827063447501403,0.4775,0.9111960079113364,0.654420330602893,0.1108337493759361,1394,387,31,191,2003,0.8378378378378378,0.7297297297297297,0.5990990990990991
4,shap,ISIC2020_external,RandomForest,512,0.05333333333333334,0.8278645912969023,0.6707001551839809,0.5077452667814114,0.8336550435865504,0.09487055796751889,0.7185518805340558,0.08793839175089484,0.01776704076327941,26777,5343,286,295,32701,0.5301204819277109,0.39759036144578314,0.2891566265060241
4,shap,HAM10000_test,KNN,512,0.08734381051589286,0.8786819770344483,0.8174322553884598,0.7387387387387387,0.8961257720381808,0.574430823117338,0.8395172263785403,0.635739420233442,0.1108337493759361,1596,185,58,164,2003,0.7387387387387387,0.7342342342342343,0.5765765765765766
4,shap,ISIC2020_external,KNN,512,0.08734381051589286,0.9348337971315862,0.5848791268971992,0.22203098106712565,0.9477272727272728,0.10799497697781499,0.5870249634010155,0.05563756080146805,0.01776704076327941,30441,1679,452,129,32701,0.22203098106712565,0.22203098106712565,0.21514629948364888
4,shap,HAM10000_test,Stacking,512,0.05196440965563713,0.7863205192211683,0.8246404742755107,0.8738738738738738,0.7754070746771476,0.47549019607843135,0.9133749133749135,0.6750751870292351,0.1108337493759361,1381,400,28,194,2003,0.8468468468468469,0.7477477477477478,0.6351351351351351
4,shap,ISIC2020_external,Stacking,512,0.05196440965563713,0.8055105348460292,0.6736862679324307,0.5370051635111877,0.8103673723536737,0.08934707903780069,0.7158638110527861,0.088400442995134,0.01776704076327941,26029,6091,269,312,32701,0.5387263339070568,0.3924268502581756,0.2857142857142857
4,shap,HAM10000_test,SVM-RBF,all,0.01160989813824483,0.8277583624563155,0.8282268793217697,0.8288288288288288,0.8276249298147108,0.5161290322580645,0.9018999347466501,0.6846079812550301,0.1108337493759361,1474,307,38,184,2003,0.8513513513513513,0.7522522522522522,0.6351351351351351
4,shap,ISIC2020_external,SVM-RBF,all,0.01160989813824483,0.8148986269533042,0.6353692746434948,0.44922547332185886,0.8215130759651308,0.0793916349809886,0.683687462891952,0.07880316605586524,0.01776704076327941,26387,5733,320,261,32701,0.46987951807228917,0.35456110154905335,0.2547332185886403
4,shap,HAM10000_test,XGBoost,all,0.0009827220346778631,0.781827259111333,0.8260568260568261,0.8828828828828829,0.7692307692307693,0.47285886610373945,0.9196195072107481,0.7026271686972653,0.1108337493759361,1370,411,26,196,2003,0.8738738738738738,0.7477477477477478,0.6171171171171171
4,shap,ISIC2020_external,XGBoost,all,0.0009827220346778631,0.7994556741384056,0.6646889461421562,0.5249569707401033,0.8044209215442092,0.08510044642857142,0.7130077506253443,0.08907580266252484,0.01776704076327941,25838,6282,276,305,32701,0.53184165232358,0.40963855421686746,0.27882960413080893
4,shap,HAM10000_test,RandomForest,all,0.03666666666666667,0.7309036445332002,0.8131933168429519,0.918918918918919,0.7074677147669849,0.43083421330517424,0.9103246986458666,0.6594800032763413,0.1108337493759361,1260,521,18,204,2003,0.8423423423423423,0.7207207207207207,0.5855855855855856
4,shap,ISIC2020_external,RandomForest,all,0.03666666666666667,0.6879911929298799,0.663719823253162,0.6385542168674698,0.6888854296388544,0.06779351301964368,0.711668458212855,0.0855552828783883,0.01776704076327941,22127,9993,210,371,32701,0.5283993115318416,0.3924268502581756,0.28399311531841653
4,shap,HAM10000_test,KNN,all,0.0901185070508123,0.8756864702945582,0.8157478084485383,0.7387387387387387,0.892756878158338,0.5684575389948007,0.8484756513953595,0.6365246754295436,0.1108337493759361,1590,191,58,164,2003,0.7747747747747747,0.7162162162162162,0.5900900900900901
4,shap,ISIC2020_external,KNN,all,0.0901185070508123,0.9133971438182319,0.5655167369352878,0.20481927710843373,0.926214196762142,0.07752442996742671,0.5714676889375684,0.04919676798798279,0.01776704076327941,29750,2370,462,119,32701,0.2306368330464716,0.2306368330464716,0.17728055077452667
4,shap,HAM10000_test,Stacking,all,0.053065637949260586,0.7478781827259111,0.8128809606911797,0.8963963963963963,0.729365524985963,0.4407530454042082,0.9122974743412698,0.6785014895513224,0.1108337493759361,1299,482,23,199,2003,0.8603603603603603,0.7567567567567568,0.6261261261261262
4,shap,ISIC2020_external,Stacking,all,0.053065637949260586,0.7282651906669521,0.6647856414092592,0.5989672977624785,0.7306039850560399,0.07263619286161553,0.7132697843499957,0.08829487020140499,0.01776704076327941,23467,8653,233,348,32701,0.5335628227194492,0.39414802065404475,0.2857142857142857
4,gain,HAM10000_test,SVM-RBF,256,0.022366858129537384,0.8492261607588617,0.8146691048150903,0.7702702702702703,0.8590679393599102,0.531055900621118,0.8881512056694538,0.6407086790115277,0.1108337493759361,1530,251,51,171,2003,0.8288288288288288,0.7252252252252253,0.5945945945945946
4,gain,ISIC2020_external,SVM-RBF,256,0.022366858129537384,0.8628482309409499,0.6082316099480648,0.3442340791738382,0.8722291407222914,0.08188331627430911,0.6267024154258021,0.06301399462857073,0.01776704076327941,28016,4104,381,200,32701,0.42512908777969016,0.2977624784853701,0.22719449225473323
4,gain,HAM10000_test,XGBoost,256,0.0017988817999139428,0.8077883175237144,0.8268547885336206,0.8513513513513513,0.80235822571589,0.4954128440366973,0.9137315305198517,0.6952764937985058,0.1108337493759361,1429,352,33,189,2003,0.8558558558558559,0.7297297297297297,0.6306306306306306
4,gain,ISIC2020_external,XGBoost,256,0.0017988817999139428,0.8523592550686523,0.6578184647503017,0.45611015490533563,0.8595267745952677,0.09891750653228817,0.7123258734993344,0.08765245110232195,0.01776704076327941,27608,4512,316,265,32701,0.5352839931153184,0.3924268502581756,0.27538726333907054
4,gain,HAM10000_test,RandomForest,256,0.04666666666666667,0.7883175237144283,0.8218204167109278,0.8648648648648649,0.7787759685569905,0.4752475247524752,0.9113262616912252,0.6512489612293494,0.1108337493759361,1387,394,30,192,2003,0.8288288288288288,0.7162162162162162,0.6171171171171171
4,gain,ISIC2020_external,RandomForest,256,0.04666666666666667,0.8163970520779181,0.6614825964594904,0.5008605851979346,0.8221046077210461,0.08836926814454904,0.7036109211798269,0.08213206444333665,0.01776704076327941,26406,5714,290,291,32701,0.5180722891566265,0.40619621342512907,0.2857142857142857
4,gain,HAM10000_test,KNN,256,0.08780246706415651,0.8826759860209685,0.8137636513548923,0.7252252252252253,0.9023020774845593,0.578096947935368,0.8330247709809753,0.6184950917475087,0.1108337493759361,1607,174,61,161,2003,0.7252252252252253,0.7252252252252253,0.6081081081081081
4,gain,ISIC2020_external,KNN,256,0.08780246706415651,0.9485031038806153,0.5842322411867716,0.20654044750430292,0.9619240348692404,0.12474012474012475,0.5855016043537252,0.05463859540843737,0.01776704076327941,30897,1223,461,120,32701,0.20654044750430292,0.20654044750430292,0.20654044750430292
4,gain,HAM10000_test,Stacking,256,0.05372604336729325,0.7758362456315526,0.8266309543681807,0.8918918918918919,0.7613700168444694,0.4686390532544379,0.9123733503295548,0.6563377963383407,0.1108337493759361,1356,425,24,198,2003,0.8468468468468469,0.7252252252252253,0.6171171171171171
4,gain,ISIC2020_external,Stacking,256,0.05372604336729325,0.7707409559340693,0.657677052275996,0.540447504302926,0.774906600249066,0.07729230769230769,0.6983587793622453,0.08232132719026634,0.01776704076327941,24890,7230,267,314,32701,0.5215146299483648,0.3958691910499139,0.270223752151463
4,gain,HAM10000_test,SVM-RBF,512,0.003144372898951778,0.7324013979031453,0.8002349626437217,0.8873873873873874,0.7130825379000562,0.4236559139784946,0.8963407540049876,0.6562838706900047,0.1108337493759361,1270,511,25,197,2003,0.8288288288288288,0.7207207207207207,0.6351351351351351
4,gain,ISIC2020_external,SVM-RBF,512,0.003144372898951778,0.6448426653619156,0.618094795120707,0.5903614457831325,0.6458281444582814,0.055772357723577234,0.6726292646122651,0.07167951153544894,0.01776704076327941,20744,11376,238,343,32701,0.4578313253012048,0.32358003442340794,0.24784853700516352
4,gain,HAM10000_test,XGBoost,512,0.0004914906457997859,0.7523714428357464,0.8311797198658513,0.9324324324324325,0.7299270072992701,0.45494505494505494,0.9183397322083455,0.7020166371344587,0.1108337493759361,1300,481,15,207,2003,0.8738738738738738,0.7432432432432432,0.6486486486486487
4,gain,ISIC2020_external,XGBoost,512,0.0004914906457997859,0.7541665392495642,0.6788155914888874,0.6006884681583476,0.7569427148194271,0.07989012246766625,0.7185097890226624,0.08823955551563124,0.01776704076327941,24313,7807,232,349,32701,0.5352839931153184,0.39414802065404475,0.28055077452667815
4,gain,HAM10000_test,RandomForest,512,0.03,0.7304043934098852,0.8148840867818969,0.9234234234234234,0.7063447501403706,0.43157894736842106,0.910546003611697,0.6555385372354063,0.1108337493759361,1258,523,17,205,2003,0.8378378378378378,0.7297297297297297,0.6036036036036037
4,gain,ISIC2020_external,RandomForest,512,0.03,0.701629919574325,0.6588322780536842,0.6144578313253012,0.7032067247820672,0.06818832967242862,0.7079622617850874,0.08278746206847509,0.01776704076327941,22587,9533,224,357,32701,0.5197934595524957,0.3993115318416523,0.27882960413080893
4,gain,HAM10000_test,KNN,512,0.08635219230017704,0.8771842236645032,0.8106754986317031,0.7252252252252253,0.8961257720381808,0.5669014084507042,0.8323671790825075,0.6127045119315618,0.1108337493759361,1596,185,61,161,2003,0.7252252252252253,0.7207207207207207,0.6036036036036037
4,gain,ISIC2020_external,KNN,512,0.08635219230017704,0.9405828567933703,0.5802004852714541,0.20654044750430292,0.9538605230386052,0.10994044892349977,0.5819550663068569,0.05198967788734267,0.01776704076327941,30638,1482,461,120,32701,0.20654044750430292,0.20654044750430292,0.20654044750430292
4,gain,HAM10000_test,Stacking,512,0.06305945109961496,0.8142785821268098,0.8206468680921235,0.8288288288288288,0.8124649073554183,0.4972972972972973,0.9131472854100591,0.6686902188185725,0.1108337493759361,1447,334,38,184,2003,0.8423423423423423,0.7432432432432432,0.6126126126126126
4,gain,ISIC2020_external,Stacking,512,0.06305945109961496,0.8538576801932662,0.6602712665284872,0.459552495697074,0.8609900373599004,0.1005081874647092,0.7073211901153806,0.08485561284679034,0.01776704076327941,27655,4465,314,267,32701,0.5283993115318416,0.3958691910499139,0.2736660929432014
5,shap,HAM10000_test,SVM-RBF,256,0.02041970369935284,0.8432351472790813,0.8372701163903864,0.8295964125560538,0.8449438202247191,0.5409356725146199,0.9018126165163501,0.6638364807026594,0.11133300049925113,1504,276,38,185,2003,0.8475336322869955,0.7668161434977578,0.6457399103139013
5,shap,ISIC2020_external,SVM-RBF,256,0.02041970369935284,0.7916271673649123,0.6066227014444543,0.41480206540447506,0.7984433374844334,0.06606359649122807,0.6552935635086156,0.0564377797472716,0.01776704076327941,25646,6474,340,241,32701,0.41480206540447506,0.2908777969018933,0.20309810671256454
5,shap,HAM10000_test,XGBoost,256,0.002927998313680291,0.8097853220169745,0.8459074419307704,0.8923766816143498,0.799438202247191,0.5109114249037228,0.9169093565778204,0.6816987400681732,0.11133300049925113,1423,357,24,199,2003,0.8923766816143498,0.7668161434977578,0.6547085201793722
5,shap,ISIC2020_external,XGBoost,256,0.002927998313680291,0.7902204825540503,0.64815756532624,0.5008605851979346,0.7954545454545454,0.07820478366030637,0.6977239504182895,0.06485073172969917,0.01776704076327941,25550,6570,290,291,32701,0.4939759036144578,0.3253012048192771,0.20654044750430292
5,shap,HAM10000_test,RandomForest,256,0.05,0.7973040439340988,0.838884970020658,0.8923766816143498,0.7853932584269663,0.49502487562189057,0.9203015569103644,0.6636685499527324,0.11133300049925113,1398,382,24,199,2003,0.8878923766816144,0.7937219730941704,0.6457399103139013
5,shap,ISIC2020_external,RandomForest,256,0.05,0.7952356197058194,0.6211348418045067,0.4406196213425129,0.8016500622665006,0.07103218645948946,0.6511333092555242,0.059961562315486105,0.01776704076327941,25749,6371,325,256,32701,0.4406196213425129,0.28055077452667815,0.20481927710843373
5,shap,HAM10000_test,KNN,256,0.08748849942702185,0.8632051922116825,0.8485060714465662,0.8295964125560538,0.8674157303370786,0.5745341614906833,0.8814291832518769,0.638918511503515,0.11133300049925113,1544,236,38,185,2003,0.8385650224215246,0.7623318385650224,0.6367713004484304
5,shap,ISIC2020_external,KNN,256,0.08748849942702185,0.8530931775786673,0.5812953736311551,0.29948364888123924,0.863107098381071,0.06754658385093168,0.5884211637512513,0.04660813742821547,0.01776704076327941,27723,4397,407,174,32701,0.30120481927710846,0.24440619621342513,0.17728055077452667
5,shap,HAM10000_test,Stacking,256,0.1419210722937406,0.8572141787319022,0.860825313649418,0.8654708520179372,0.8561797752808988,0.5744047619047619,0.9211568499017483,0.6755825705518513,0.11133300049925113,1524,256,30,193,2003,0.8834080717488789,0.7847533632286996,0.6681614349775785
5,shap,ISIC2020_external,Stacking,256,0.1419210722937406,0.8816549952600838,0.5958346015265474,0.29948364888123924,0.8921855541718555,0.08250355618776671,0.6590268742645372,0.06522296745246288,0.01776704076327941,28657,3463,407,174,32701,0.4457831325301205,0.2857142857142857,0.21686746987951808
5,shap,HAM10000_test,SVM-RBF,512,0.02047427845115685,0.8337493759360959,0.8358555449186276,0.8385650224215246,0.8331460674157304,0.5289957567185289,0.9068310072051192,0.6806743290737316,0.11133300049925113,1483,297,36,187,2003,0.8609865470852018,0.7623318385650224,0.6502242152466368
5,shap,ISIC2020_external,SVM-RBF,512,0.02047427845115685,0.7559096052108498,0.6112563847276671,0.4612736660929432,0.761239103362391,0.06292556938248416,0.6566364729510463,0.05639375471922676,0.01776704076327941,24451,7669,313,268,32701,0.4044750430292599,0.2857142857142857,0.19793459552495696
5,shap,HAM10000_test,XGBoost,512,0.0014731410192325711,0.7758362456315526,0.8366125862850808,0.9147982062780269,0.7584269662921348,0.47607934655775963,0.9222010883256916,0.6829359032664198,0.11133300049925113,1350,430,19,204,2003,0.8923766816143498,0.757847533632287,0.6547085201793722
5,shap,ISIC2020_external,XGBoost,512,0.0014731410192325711,0.7176538943763188,0.6441736881702222,0.5679862306368331,0.7203611457036114,0.06671383806732033,0.6927964571325687,0.06345989344054616,0.01776704076327941,23138,8982,251,330,32701,0.4836488812392427,0.2977624784853701,0.20309810671256454
5,shap,HAM10000_test,RandomForest,512,0.05333333333333334,0.7968047928107839,0.8405653247342169,0.8968609865470852,0.7842696629213484,0.49566294919454773,0.92552274903008,0.671051568216919,0.11133300049925113,1396,384,23,200,2003,0.8923766816143498,0.7892376681614349,0.6457399103139013
5,shap,ISIC2020_external,RandomForest,512,0.05333333333333334,0.7833399590226598,0.6116993503278368,0.43373493975903615,0.7896637608966376,0.0664119119778627,0.6491880973457966,0.05829507098779775,0.01776704076327941,25364,6756,329,252,32701,0.41308089500860584,0.26161790017211706,0.1944922547332186
5,shap,HAM10000_test,KNN,512,0.08632462414317976,0.8477284073889166,0.8476432206378798,0.8475336322869955,0.847752808988764,0.5534407027818448,0.8838187131556406,0.6526566818189418,0.11133300049925113,1509,271,34,189,2003,0.8475336322869955,0.7847533632286996,0.6233183856502242
5,shap,ISIC2020_external,KNN,512,0.08632462414317976,0.8210146478700957,0.5784862810073241,0.3270223752151463,0.8299501867995018,0.060965827049574844,0.5865669402391634,0.04490495256692399,0.01776704076327941,26658,5462,391,190,32701,0.3270223752151463,0.23924268502581755,0.1703958691910499
5,shap,HAM10000_test,Stacking,512,0.11027748669753543,0.8087868197703445,0.8453456441779614,0.8923766816143498,0.7983146067415731,0.5096030729833547,0.9256084042928403,0.6828994801104473,0.11133300049925113,1421,359,24,199,2003,0.8923766816143498,0.8026905829596412,0.672645739910314
5,shap,ISIC2020_external,Stacking,512,0.11027748669753543,0.7961224427387542,0.6080659767695582,0.41308089500860584,0.8030510585305106,0.06716104659297607,0.6569316225942732,0.061204568733165994,0.01776704076327941,25794,6326,341,240,32701,0.4199655765920826,0.27882960413080893,0.2082616179001721
5,shap,HAM10000_test,SVM-RBF,all,0.0409263949112148,0.8696954568147778,0.8403902353000454,0.8026905829596412,0.8780898876404495,0.5783521809369951,0.9108882954602711,0.6915590574925897,0.11133300049925113,1563,217,44,179,2003,0.8699551569506726,0.7847533632286996,0.672645739910314
5,shap,ISIC2020_external,SVM-RBF,all,0.0409263949112148,0.8429100027522094,0.6183626160932647,0.3855421686746988,0.8511830635118306,0.0802148612354521,0.6729498674291544,0.060276990343121145,0.01776704076327941,27340,4780,357,224,32701,0.43029259896729777,0.29259896729776247,0.20654044750430292
5,shap,HAM10000_test,XGBoost,all,0.006919853389263153,0.8487269096355466,0.8580112863405048,0.8699551569506726,0.8460674157303371,0.5615050651230101,0.9222476948657228,0.686279130902517,0.11133300049925113,1506,274,29,194,2003,0.8834080717488789,0.7982062780269058,0.6547085201793722
5,shap,ISIC2020_external,XGBoost,all,0.006919853389263153,0.8522369346503165,0.610435158174059,0.35972461273666095,0.861145703611457,0.07961904761904762,0.6849746700732837,0.061891993400762305,0.01776704076327941,27660,4460,372,209,32701,0.4629948364888124,0.27538726333907054,0.2117039586919105
5,shap,HAM10000_test,RandomForest,all,0.07333333333333333,0.8097853220169745,0.8380624275709174,0.874439461883408,0.8016853932584269,0.5058365758754864,0.9228120118909658,0.6635276354793701,0.11133300049925113,1427,353,28,195,2003,0.874439461883408,0.7623318385650224,0.6681614349775785
5,shap,ISIC2020_external,RandomForest,all,0.07333333333333333,0.8463043943610287,0.5930499171566179,0.3304647160068847,0.8556351183063512,0.0709796672828096,0.6583682265085962,0.05972892108096081,0.01776704076327941,27483,4637,389,192,32701,0.39414802065404475,0.26161790017211706,0.20309810671256454
5,shap,HAM10000_test,KNN,all,0.09163636793932702,0.8567149276085871,0.829164357333602,0.7937219730941704,0.8646067415730337,0.5522620904836193,0.8741736786416082,0.6466483987468512,0.11133300049925113,1539,241,46,177,2003,0.8430493273542601,0.7354260089686099,0.6143497757847534
5,shap,ISIC2020_external,KNN,all,0.09163636793932702,0.8490871838781688,0.5623557742801842,0.26506024096385544,0.8596513075965131,0.05874499332443257,0.5697958976986045,0.041639174550108266,0.01776704076327941,27612,4508,427,154,32701,0.3098106712564544,0.21686746987951808,0.14629948364888123
5,shap,HAM10000_test,Stacking,all,0.13944331561270296,0.8307538691962056,0.8498601803799063,0.874439461883408,0.8252808988764045,0.5349794238683128,0.9221418854234898,0.6685045328185559,0.11133300049925113,1469,311,28,195,2003,0.8789237668161435,0.7847533632286996,0.6636771300448431
5,shap,ISIC2020_external,Stacking,all,0.13944331561270296,0.8543775419711935,0.6013845990616085,0.33907056798623064,0.8636986301369863,0.07641582622187743,0.6756826273248124,0.06377784019491851,0.01776704076327941,27742,4378,384,197,32701,0.4423407917383821,0.2857142857142857,0.2099827882960413
5,gain,HAM10000_test,SVM-RBF,256,0.07719151486713843,0.8896655017473789,0.8339749080465562,0.7623318385650224,0.9056179775280899,0.6060606060606061,0.9046883659998992,0.6602279786924092,0.11133300049925113,1612,168,53,170,2003,0.8699551569506726,0.7847533632286996,0.6816143497757847
5,gain,ISIC2020_external,SVM-RBF,256,0.07719151486713843,0.8782606036512645,0.5983317989981631,0.3080895008605852,0.888574097135741,0.08250749020511638,0.6555160510392397,0.0560506466113658,0.01776704076327941,28541,3579,402,179,32701,0.42168674698795183,0.2908777969018933,0.2117039586919105
5,gain,HAM10000_test,XGBoost,256,0.0030703884549438953,0.7958062905641538,0.8321585126215549,0.8789237668161435,0.7853932584269663,0.4893882646691635,0.9141608303521944,0.6672319632013796,0.11133300049925113,1398,382,27,196,2003,0.874439461883408,0.7713004484304933,0.6457399103139013
5,gain,ISIC2020_external,XGBoost,256,0.0030703884549438953,0.7587229748325739,0.629588885697567,0.49569707401032703,0.763480697384807,0.06803685329553508,0.6800377725097151,0.06381270518393754,0.01776704076327941,24523,7597,293,288,32701,0.4475043029259897,0.2977624784853701,0.2082616179001721
5,gain,HAM10000_test,RandomForest,256,0.03666666666666667,0.7698452321517724,0.8293192925883004,0.905829596412556,0.7528089887640449,0.46705202312138727,0.9189789388824507,0.6489343090694059,0.11133300049925113,1340,440,21,202,2003,0.8789237668161435,0.7668161434977578,0.6412556053811659
5,gain,ISIC2020_external,RandomForest,256,0.03666666666666667,0.7291520136998868,0.611155884880922,0.48881239242685026,0.7334993773349938,0.06026525198938992,0.651476069729907,0.057091224237565144,0.01776704076327941,23560,8560,297,284,32701,0.3889845094664372,0.25817555938037867,0.20309810671256454
5,gain,HAM10000_test,KNN,256,0.08464394299385018,0.8407388916625063,0.8339043684184008,0.8251121076233184,0.8426966292134831,0.5356622998544396,0.8722325792311181,0.6279103535849704,0.11133300049925113,1500,280,39,184,2003,0.8251121076233184,0.7488789237668162,0.6233183856502242
5,gain,ISIC2020_external,KNN,256,0.08464394299385018,0.8134613620378581,0.5712612503027588,0.32013769363166955,0.8223848069738481,0.057478368355995055,0.5802618408163879,0.04055507862058597,0.01776704076327941,26415,5705,395,186,32701,0.32013769363166955,0.24268502581755594,0.16006884681583478
5,gain,HAM10000_test,Stacking,256,0.10674389999431422,0.7958062905641538,0.8400035269814078,0.8968609865470852,0.7831460674157303,0.49443757725587145,0.9211543306293142,0.6675746769579065,0.11133300049925113,1394,386,23,200,2003,0.8968609865470852,0.7847533632286996,0.6547085201793722
5,gain,ISIC2020_external,Stacking,256,0.10674389999431422,0.7663374208739794,0.6140295481874125,0.45611015490533563,0.7719489414694894,0.06486354179415005,0.6583033611049786,0.05998769987916374,0.01776704076327941,24795,7325,316,265,32701,0.42168674698795183,0.2685025817555938,0.2099827882960413
5,gain,HAM10000_test,SVM-RBF,512,0.03003416984244819,0.8487269096355466,0.8364374968509094,0.820627802690583,0.8522471910112359,0.547085201793722,0.9085327757343679,0.6796449572255991,0.11133300049925113,1517,263,40,183,2003,0.852017937219731,0.7757847533632287,0.6681614349775785
5,gain,ISIC2020_external,SVM-RBF,512,0.03003416984244819,0.797620867863368,0.6172789271299752,0.43029259896729777,0.8042652552926526,0.07024445068839562,0.642426046473744,0.055962949894285005,0.01776704076327941,25833,6287,331,250,32701,0.43201376936316693,0.27710843373493976,0.2099827882960413
5,gain,HAM10000_test,XGBoost,512,0.009381935000419617,0.8562156764852721,0.8563410087166826,0.8565022421524664,0.8561797752808988,0.5701492537313433,0.9177180430291731,0.6820549221311268,0.11133300049925113,1524,256,32,191,2003,0.8789237668161435,0.8026905829596412,0.6636771300448431
5,gain,ISIC2020_external,XGBoost,512,0.009381935000419617,0.8762728968533072,0.605770154090834,0.3253012048192771,0.886239103362391,0.08544303797468354,0.6877219516743365,0.06152195801561037,0.01776704076327941,28466,3654,392,189,32701,0.47332185886402756,0.3080895008605852,0.2082616179001721
5,gain,HAM10000_test,RandomForest,512,0.043333333333333335,0.7743384922616076,0.8338086360659042,0.9103139013452914,0.7573033707865169,0.4731934731934732,0.9233272031037435,0.6584633746762459,0.11133300049925113,1348,432,20,203,2003,0.8878923766816144,0.7533632286995515,0.6502242152466368
5,gain,ISIC2020_external,RandomForest,512,0.043333333333333335,0.7574080303354638,0.608639075069179,0.45438898450946646,0.7628891656288916,0.06240397116180121,0.6562869874802536,0.058014050162317615,0.01776704076327941,24504,7616,317,264,32701,0.387263339070568,0.27710843373493976,0.20654044750430292
5,gain,HAM10000_test,KNN,512,0.08519454092955873,0.8257613579630554,0.8333224164861188,0.8430493273542601,0.8235955056179776,0.5186206896551724,0.8760190456996021,0.6260095679037173,0.11133300049925113,1466,314,35,188,2003,0.8430493273542601,0.726457399103139,0.6188340807174888
5,gain,ISIC2020_external,KNN,512,0.08519454092955873,0.7989663924650622,0.5647276885517519,0.3218588640275387,0.8075965130759651,0.05382843983880253,0.5738320476354806,0.0400141838967106,0.01776704076327941,25940,6180,394,187,32701,0.3218588640275387,0.2289156626506024,0.1566265060240964
5,gain,HAM10000_test,Stacking,512,0.10333723909812158,0.7693459810284573,0.8309996473018593,0.9103139013452914,0.751685393258427,0.46774193548387094,0.9246611578576107,0.6711285526716367,0.11133300049925113,1338,442,20,203,2003,0.8923766816143498,0.7892376681614349,0.6681614349775785
5,gain,ISIC2020_external,Stacking,512,0.10333723909812158,0.7447784471422892,0.6199554489082464,0.4905335628227194,0.7493773349937733,0.0639300134589502,0.6608481426149357,0.06139746727105666,0.01776704076327941,24070,8050,296,285,32701,0.4268502581755594,0.2857142857142857,0.2134251290877797
