dataset,classifier,k_features,gain,shap,shap_minus_gain
HAM10000_test,KNN,256,0.8410104652519784,0.8396480813132523,-0.0013623839387261194
HAM10000_test,KNN,512,0.8409410794852856,0.8437592887104884,0.002818209225202817
HAM10000_test,RandomForest,256,0.9142839419779747,0.9162516893360421,0.0019677473580673732
HAM10000_test,RandomForest,512,0.9172596728030982,0.9169841707635833,-0.0002755020395148744
HAM10000_test,SVM-RBF,256,0.8939501892167669,0.8965838435760658,0.0026336543592988537
HAM10000_test,SVM-RBF,512,0.8994058005610176,0.9008438031154936,0.0014380025544760144
HAM10000_test,Stacking,256,0.9161985777053197,0.9181074174443156,0.0019088397389959155
HAM10000_test,Stacking,512,0.9190537657721947,0.918411808843605,-0.0006419569285897042
HAM10000_test,XGBoost,256,0.9159422909791625,0.9183691994087357,0.0024269084295732712
HAM10000_test,XGBoost,512,0.9191371334543831,0.9212162351861691,0.0020791017317860483
ISIC2020_external,KNN,256,0.5892141453199384,0.5907976381598267,0.0015834928398882342
ISIC2020_external,KNN,512,0.5880947308179525,0.5872775767721303,-0.000817154045822166
ISIC2020_external,RandomForest,256,0.6784112772027445,0.6870760305052267,0.008664753302482175
ISIC2020_external,RandomForest,512,0.6879096299805163,0.6897576161254161,0.0018479861448997825
ISIC2020_external,SVM-RBF,256,0.631017650034402,0.6609615565982129,0.02994390656381085
ISIC2020_external,SVM-RBF,512,0.650036909781092,0.6610763423735861,0.01103943259249418
ISIC2020_external,Stacking,256,0.6773680668234225,0.6865225391871703,0.009154472363747779
ISIC2020_external,Stacking,512,0.6872862844368044,0.6903035840211942,0.0030172995843897876
ISIC2020_external,XGBoost,256,0.685513612893131,0.6954471345620876,0.009933521668956669
ISIC2020_external,XGBoost,512,0.6905098297477402,0.6966685600255496,0.006158730277809332
