dataset,classifier,k_features,shap_mean,gain_mean,delta_mean,delta_std,folds_favouring_shap,per_fold_delta,p_ttest,p_wilcoxon,p_sign,p_ttest_holm
HAM10000_test,SVM-RBF,256,0.8965838435760658,0.8939501892167667,0.002633654359298876,0.0049674102343961295,3/5,"[-0.0006, 0.0077, 0.0009, 0.008, -0.0029]",0.30142184524004073,0.4375,1.0,1.0
HAM10000_test,SVM-RBF,512,0.9008438031154936,0.8994058005610175,0.0014380025544760366,0.0047130940985307635,3/5,"[0.0026, 0.0048, -0.005, 0.0065, -0.0017]",0.5325457449387202,0.625,1.0,1.0
HAM10000_test,XGBoost,256,0.9183691994087357,0.9159422909791625,0.00242690842957336,0.005997049133687171,4/5,"[0.008, -0.0077, 0.0042, 0.005, 0.0027]",0.4166930035585938,0.4375,0.375,1.0
HAM10000_test,XGBoost,512,0.9212162351861691,0.9191371334543831,0.0020791017317859373,0.0027511631932059257,3/5,"[0.004, -0.0012, -0.0006, 0.0037, 0.0045]",0.16632500725469196,0.3125,1.0,1.0
HAM10000_test,RandomForest,256,0.9162516893360421,0.9142839419779747,0.001967747358067351,0.0033376779965644636,4/5,"[0.0071, 0.0001, -0.0017, 0.003, 0.0013]",0.2578277748672063,0.3125,0.375,1.0
HAM10000_test,RandomForest,512,0.9169841707635833,0.9172596728030982,-0.0002755020395150298,0.0037292584871811574,3/5,"[-0.0049, 0.004, -0.0033, 0.0007, 0.0022]",0.8768058093841486,1.0,1.0,1.0
HAM10000_test,KNN,256,0.8396480813132523,0.8410104652519784,-0.0013623839387261639,0.010012615789932098,3/5,"[0.0028, 0.0024, -0.0172, -0.004, 0.0092]",0.7761055902714316,1.0,1.0,1.0
HAM10000_test,KNN,512,0.8437592887104884,0.8409410794852856,0.002818209225202639,0.008980066573096739,4/5,"[0.0087, 0.0033, -0.0128, 0.0072, 0.0078]",0.5215210488990322,0.625,0.375,1.0
HAM10000_test,Stacking,256,0.9181074174443153,0.9161985777053197,0.0019088397389959155,0.003920774623029506,3/5,"[0.0074, -0.0003, -0.002, 0.0045, 0.0]",0.3375121901038006,0.625,1.0,1.0
HAM10000_test,Stacking,512,0.918411808843605,0.9190537657721946,-0.0006419569285897042,0.002223035851065856,3/5,"[-0.0032, 0.0016, -0.0029, 0.0002, 0.0009]",0.5536361823526077,0.8125,1.0,1.0
ISIC2020_external,SVM-RBF,256,0.6609615565982129,0.631017650034402,0.02994390656381083,0.025119643123245917,4/5,"[0.0079, 0.0475, 0.0367, 0.0578, -0.0002]",0.05606761837987247,0.125,0.375,0.3364057102792348
ISIC2020_external,SVM-RBF,512,0.6610763423735861,0.650036909781092,0.01103943259249418,0.012659673217548855,4/5,"[0.0287, -0.0028, 0.0004, 0.0147, 0.0142]",0.12297324878893534,0.1875,0.375,0.6148662439446767
ISIC2020_external,XGBoost,256,0.6954471345620876,0.685513612893131,0.00993352166895658,0.00582060404706852,5/5,"[0.0037, 0.0101, 0.0133, 0.0049, 0.0177]",0.018841153325893954,0.0625,0.0625,0.15072922660715163
ISIC2020_external,XGBoost,512,0.6966685600255496,0.6905098297477402,0.006158730277809355,0.002739189847127707,5/5,"[0.0109, 0.0052, 0.0037, 0.0059, 0.0051]",0.007346297199162047,0.0625,0.0625,0.07346297199162047
ISIC2020_external,RandomForest,256,0.6870760305052267,0.6784112772027445,0.00866475330248222,0.005101828365315039,4/5,"[0.0103, 0.01, 0.0121, 0.0112, -0.0003]",0.019142273898068267,0.125,0.375,0.15072922660715163
ISIC2020_external,RandomForest,512,0.6897576161254161,0.6879096299805163,0.0018479861448998714,0.008237893145849867,3/5,"[0.0038, -0.0064, 0.0084, 0.0106, -0.0071]",0.642291750771772,0.625,1.0,1.0
ISIC2020_external,KNN,256,0.5907976381598268,0.5892141453199384,0.0015834928398882563,0.013463948557481415,3/5,"[-0.006, 0.0094, -0.0183, 0.0146, 0.0082]",0.8055535286827372,0.8125,1.0,1.0
ISIC2020_external,KNN,512,0.5872775767721303,0.5880947308179525,-0.0008171540458221438,0.01142803628732678,2/5,"[-0.0001, -0.0038, -0.018, 0.0051, 0.0127]",0.8807180044645045,1.0,1.0,1.0
ISIC2020_external,Stacking,256,0.6865225391871703,0.6773680668234224,0.009154472363747824,0.00509499908416484,5/5,"[0.0082, 0.0128, 0.0111, 0.013, 0.0007]",0.01589510874349346,0.0625,0.0625,0.14305597869144113
ISIC2020_external,Stacking,512,0.6903035840211942,0.6872862844368044,0.0030172995843898544,0.00674092631643078,3/5,"[0.007, -0.0048, 0.0082, 0.0085, -0.0039]",0.37352150353332625,0.3125,1.0,1.0
