fold,config,n_dims,classifier,auroc,auprc
1,stage8_only,1280,XGBoost,0.9060034262105104,0.6155177885791545
1,stage8_only,1280,RandomForest,0.9009459867990125,0.5905484017070691
1,stage8_only,1280,SVM-RBF,0.8783997581498465,0.5889132892072442
1,stage8_only,1280,KNN,0.7739230110344132,0.4487674430183573
1,stage7_8,1600,XGBoost,0.90690784501436,0.6174861107822753
1,stage7_8,1600,RandomForest,0.8998400262004334,0.5911978334453102
1,stage7_8,1600,SVM-RBF,0.8819040661057088,0.5916270209473733
1,stage7_8,1600,KNN,0.781060109840278,0.454572729077361
1,stage6_7_8,1792,XGBoost,0.9040787020708418,0.6190111643760088
1,stage6_7_8,1792,RandomForest,0.9005643170252431,0.5908536535512975
1,stage6_7_8,1792,SVM-RBF,0.8793999093061924,0.5910902864140817
1,stage6_7_8,1792,KNN,0.7861288859777297,0.46130886098969465
1,all_four_stages,1904,XGBoost,0.9050889303169245,0.613405451161498
1,all_four_stages,1904,RandomForest,0.8994520582455786,0.5935927796129824
1,all_four_stages,1904,SVM-RBF,0.8797072605431553,0.5912667718934271
1,all_four_stages,1904,KNN,0.7855570111351842,0.4586844184751001
1,stage7_only,320,XGBoost,0.8992416989973295,0.6019041137455694
1,stage7_only,320,RandomForest,0.9055033506323373,0.584218159707095
1,stage7_only,320,SVM-RBF,0.8822718798810902,0.5872624524128225
1,stage7_only,320,KNN,0.8160540635864362,0.4926367246822575
1,early_only_5_6,304,XGBoost,0.9033833828790245,0.5843855172852268
1,early_only_5_6,304,RandomForest,0.9013641860230764,0.569113377113815
1,early_only_5_6,304,SVM-RBF,0.8856854940293243,0.581030535035016
1,early_only_5_6,304,KNN,0.8593515392754572,0.5007662215353571
2,stage8_only,1280,XGBoost,0.9239596137406357,0.7005477222195386
2,stage8_only,1280,RandomForest,0.9166122888750626,0.6982300989000888
2,stage8_only,1280,SVM-RBF,0.917699844707144,0.7023977181347588
2,stage8_only,1280,KNN,0.8489865497164767,0.6220546856414103
2,stage7_8,1600,XGBoost,0.9250496987723266,0.709388421624323
2,stage7_8,1600,RandomForest,0.9215252591165,0.6995358912469412
2,stage7_8,1600,SVM-RBF,0.9184535461907725,0.704581118821339
2,stage7_8,1600,KNN,0.8529017507119696,0.6294621594095685
2,stage6_7_8,1792,XGBoost,0.9237572777718762,0.712265862196656
2,stage6_7_8,1792,RandomForest,0.9200987905367468,0.6985902526057319
2,stage6_7_8,1792,SVM-RBF,0.9166325224719385,0.7058912531554338
2,stage6_7_8,1792,KNN,0.8560961298187576,0.6289100728206005
2,all_four_stages,1904,XGBoost,0.9255707138918817,0.7127169831859803
2,all_four_stages,1904,RandomForest,0.9212698099559414,0.7012608070636772
2,all_four_stages,1904,SVM-RBF,0.916341664516847,0.7063290847384491
2,all_four_stages,1904,KNN,0.8537869705752918,0.6241025152402222
2,stage7_only,320,XGBoost,0.9238533873570369,0.6946284068567503
2,stage7_only,320,RandomForest,0.9217478286821351,0.6819895279630581
2,stage7_only,320,SVM-RBF,0.9107167245853378,0.6818269472892655
2,stage7_only,320,KNN,0.8743405112018251,0.6243888500355705
2,early_only_5_6,304,XGBoost,0.9220020132428891,0.6596499610131508
2,early_only_5_6,304,RandomForest,0.9189138605196999,0.640198252189655
2,early_only_5_6,304,SVM-RBF,0.9145383451952795,0.6880262134944893
2,early_only_5_6,304,KNN,0.8975610928165673,0.6292777397420056
3,stage8_only,1280,XGBoost,0.9288935355469341,0.7000666338528648
3,stage8_only,1280,RandomForest,0.927976520380914,0.6752031544703161
3,stage8_only,1280,SVM-RBF,0.9201126114778052,0.7026370474807176
3,stage8_only,1280,KNN,0.8658298483397994,0.6529935017167349
3,stage7_8,1600,XGBoost,0.9309013956769284,0.7062418215569295
3,stage7_8,1600,RandomForest,0.9286705799365145,0.681095256263956
3,stage7_8,1600,SVM-RBF,0.9200055423993551,0.7050049124331508
3,stage7_8,1600,KNN,0.8793192925883004,0.6640063111584624
3,stage6_7_8,1792,XGBoost,0.9296971834534187,0.7050582890045252
3,stage6_7_8,1792,RandomForest,0.9307162291530205,0.6790669173338438
3,stage6_7_8,1792,SVM-RBF,0.9207336121328161,0.7072401467140832
3,stage6_7_8,1792,KNN,0.8815538872373658,0.665228830069032
3,all_four_stages,1904,XGBoost,0.9286340504862195,0.7055040661745396
3,all_four_stages,1904,RandomForest,0.926457399103139,0.6725712497929126
3,all_four_stages,1904,SVM-RBF,0.9206882652290017,0.707569089377179
3,all_four_stages,1904,KNN,0.8909079457852572,0.6735738314182854
3,stage7_only,320,XGBoost,0.9272925379150502,0.6960851803938278
3,stage7_only,320,RandomForest,0.9271023328462741,0.6589766304079566
3,stage7_only,320,SVM-RBF,0.9206542550511413,0.7018197655286118
3,stage7_only,320,KNN,0.9009825162493073,0.667364876825684
3,early_only_5_6,304,XGBoost,0.9238701063132967,0.6595274631302066
3,early_only_5_6,304,RandomForest,0.9095178112561092,0.5950399965261509
3,early_only_5_6,304,SVM-RBF,0.9192724341210259,0.6712979806827548
3,early_only_5_6,304,KNN,0.9041920693303772,0.5797675440386667
4,stage8_only,1280,XGBoost,0.918177863433338,0.6972867889277745
4,stage8_only,1280,RandomForest,0.9115336560592036,0.6514200156283052
4,stage8_only,1280,SVM-RBF,0.9034351589096115,0.6737301356701129
4,stage8_only,1280,KNN,0.8346181667349551,0.6255742860347125
4,stage7_8,1600,XGBoost,0.918620473364999,0.6993213308895455
4,stage7_8,1600,RandomForest,0.9124429033188156,0.6573263864374312
4,stage7_8,1600,SVM-RBF,0.9019404019404019,0.6770762474995796
4,stage7_8,1600,KNN,0.8492723492723492,0.6346896604560355
4,stage6_7_8,1792,XGBoost,0.91513270710351,0.6977820116664142
4,stage6_7_8,1792,RandomForest,0.9125921260957757,0.6580446735490297
4,stage6_7_8,1792,SVM-RBF,0.9015736679970257,0.681133530027529
4,stage6_7_8,1792,KNN,0.8490244877106191,0.6369746662951898
4,all_four_stages,1904,XGBoost,0.9174646291434613,0.6981067352360789
4,all_four_stages,1904,RandomForest,0.9117789884213242,0.6538966793499362
4,all_four_stages,1904,SVM-RBF,0.9018923471478217,0.6845901895554954
4,all_four_stages,1904,KNN,0.8484781805949689,0.6365472067020749
4,stage7_only,320,XGBoost,0.9157017770156457,0.6918670988279892
4,stage7_only,320,RandomForest,0.9113641996853676,0.6346390340456958
4,stage7_only,320,SVM-RBF,0.9036425532775897,0.685683421513134
4,stage7_only,320,KNN,0.8647181712875144,0.6304963938214092
4,early_only_5_6,304,XGBoost,0.9153046926769555,0.6900131656529941
4,early_only_5_6,304,RandomForest,0.903159476152177,0.6193558483859367
4,early_only_5_6,304,SVM-RBF,0.9201177595338179,0.7022896485608714
4,early_only_5_6,304,KNN,0.887463263375672,0.5914901087259595
5,stage8_only,1280,XGBoost,0.9193442333853984,0.6913744971763826
5,stage8_only,1280,RandomForest,0.9259409482541443,0.6642649574768469
5,stage8_only,1280,SVM-RBF,0.9130674661157857,0.6906509295774353
5,stage8_only,1280,KNN,0.8669232125762081,0.6276028606047476
5,stage7_8,1600,XGBoost,0.9209326346551117,0.6759439972343385
5,stage7_8,1600,RandomForest,0.9236496699753112,0.66356656067245
5,stage7_8,1600,SVM-RBF,0.9119866982415479,0.6889137046943202
5,stage7_8,1600,KNN,0.8725298533783443,0.6363738892310915
5,stage6_7_8,1792,XGBoost,0.9233083085604877,0.6902686009862957
5,stage6_7_8,1792,RandomForest,0.9241711593691742,0.6621953950571671
5,stage6_7_8,1792,SVM-RBF,0.9108404292840229,0.6898528773275084
5,stage6_7_8,1792,KNN,0.8747707462084949,0.6445750179973189
5,all_four_stages,1904,XGBoost,0.925104549806016,0.687641717152447
5,all_four_stages,1904,RandomForest,0.9253577366856452,0.6559706100961584
5,all_four_stages,1904,SVM-RBF,0.9108807376429687,0.6913897915471043
5,all_four_stages,1904,KNN,0.8741736786416082,0.6466483987468512
5,stage7_only,320,XGBoost,0.9185594800221696,0.6510327936506313
5,stage7_only,320,RandomForest,0.9110835390739155,0.618384477158591
5,stage7_only,320,SVM-RBF,0.8970222199828689,0.654623859426428
5,stage7_only,320,KNN,0.8800549201390637,0.6383136973689575
5,early_only_5_6,304,XGBoost,0.9070388471809341,0.6237244611254092
5,early_only_5_6,304,RandomForest,0.9073436791454629,0.571378518073729
5,early_only_5_6,304,SVM-RBF,0.8985161485363027,0.649354798810162
5,early_only_5_6,304,KNN,0.8933516400463546,0.6052621212836978
