,,,auroc,auroc,auprc,auprc
,,,mean,std,mean,std
config,n_dims,classifier,,,,
all_four_stages,1904,KNN,0.8506,0.0401,0.6079,0.0854
all_four_stages,1904,RandomForest,0.9169,0.0113,0.6555,0.0394
all_four_stages,1904,SVM-RBF,0.9059,0.0162,0.6762,0.0485
all_four_stages,1904,XGBoost,0.9204,0.0095,0.6835,0.0403
early_only_5_6,304,KNN,0.8884,0.0173,0.5813,0.0487
early_only_5_6,304,RandomForest,0.9081,0.0069,0.599,0.0308
early_only_5_6,304,SVM-RBF,0.9076,0.015,0.6584,0.0475
early_only_5_6,304,XGBoost,0.9143,0.009,0.6435,0.0405
stage6_7_8,1792,KNN,0.8495,0.0378,0.6074,0.0828
stage6_7_8,1792,RandomForest,0.9176,0.0116,0.6578,0.0407
stage6_7_8,1792,SVM-RBF,0.9058,0.0164,0.675,0.0482
stage6_7_8,1792,XGBoost,0.9192,0.0099,0.6849,0.0377
stage7_8,1600,KNN,0.847,0.039,0.6038,0.0845
stage7_8,1600,RandomForest,0.9172,0.0114,0.6585,0.0411
stage7_8,1600,SVM-RBF,0.9069,0.0157,0.6734,0.0472
stage7_8,1600,XGBoost,0.9205,0.0089,0.6817,0.0382
stage7_only,320,KNN,0.8672,0.0315,0.6106,0.068
stage7_only,320,RandomForest,0.9154,0.0088,0.6356,0.0375
stage7_only,320,SVM-RBF,0.9029,0.0145,0.6622,0.0452
stage7_only,320,XGBoost,0.9169,0.0109,0.6671,0.041
stage8_only,1280,KNN,0.8381,0.0382,0.5954,0.0829
stage8_only,1280,RandomForest,0.9166,0.011,0.6559,0.0404
stage8_only,1280,SVM-RBF,0.9065,0.017,0.6717,0.0477
stage8_only,1280,XGBoost,0.9193,0.0085,0.681,0.0368
