,,,,auroc,auroc,auprc,auprc,balanced_accuracy,balanced_accuracy,sensitivity,sensitivity,specificity,specificity,sens_at_spec90,sens_at_spec90
,,,,mean,std,mean,std,mean,std,mean,std,mean,std,mean,std
dataset,ranking,k_features,classifier,,,,,,,,,,,,
HAM10000_test,gain,256,KNN,0.8410104652519784,0.036910410828386885,0.6022629030557299,0.07356877147439103,0.8137667084087952,0.02701164224438385,0.7448147699268776,0.07725820157993328,0.8827186468907128,0.029530814351603745,0.7161192582717246,0.05043807265052567
HAM10000_test,gain,256,RandomForest,0.9142839419779747,0.013976543712884116,0.6542124450252751,0.043507793537023366,0.8255494107074887,0.008834357194430927,0.8500343392720074,0.07415339335408072,0.8010644821429699,0.06970529668279353,0.741231365895043,0.036333778916521786
HAM10000_test,gain,256,SVM-RBF,0.8939501892167669,0.02111748369259528,0.6505074974195841,0.04688349552979703,0.81631526269313,0.01897135249352638,0.7502444148184059,0.03177674688800785,0.8823861105678542,0.02150117851550418,0.7322708358582799,0.046781319462472805
HAM10000_test,gain,256,Stacking,0.9161985777053197,0.0145502327720866,0.6662672794227189,0.04432072119166044,0.8304323777524291,0.012579331190934726,0.8617096917545348,0.057746697437620675,0.7991550637503233,0.059235800065321115,0.7493233143457358,0.04007935332343294
HAM10000_test,gain,256,XGBoost,0.9159422909791625,0.011235793950983876,0.675997360358552,0.04246062022114015,0.8278020918710626,0.011955294528450575,0.8365652648163859,0.07066244153138637,0.8190389189257392,0.05699478132491419,0.7394538035793641,0.02825218143997388
HAM10000_test,gain,512,KNN,0.8409410794852856,0.042518326062597034,0.5998715884172077,0.08006208950738264,0.8056076431486513,0.0378151298362943,0.722425564578031,0.10684474136378438,0.8887897217192714,0.04191584804361676,0.7107219326950268,0.055697450300643186
HAM10000_test,gain,512,RandomForest,0.9172596728030982,0.010229570222151289,0.6585697510576747,0.04093804684328405,0.8286989780349143,0.012705685523644648,0.8617218114975962,0.06752864364735514,0.7956761445722325,0.07749837159329476,0.7412354058093968,0.03763692927332514
HAM10000_test,gain,512,SVM-RBF,0.8994058005610176,0.01922131238625545,0.6606567324801209,0.044313566033448555,0.8157872934355801,0.021451181415782148,0.8266836343069528,0.052287422404041675,0.8048909525642077,0.06714503500183779,0.7331676968448269,0.043918594393727084
HAM10000_test,gain,512,Stacking,0.9190537657721947,0.010404947957674885,0.6689070664842384,0.04080378855767935,0.8304075696914784,0.012613660646775993,0.8481840584979597,0.051716739182113815,0.812631080884997,0.05655144967437248,0.7538156991071789,0.04260939774344513
HAM10000_test,gain,512,XGBoost,0.9191371334543831,0.0097667271312109,0.682449096409773,0.03970764011878926,0.8380807421492182,0.020388632901725226,0.871611521835737,0.05767721467940793,0.8045499624626993,0.05115975798605843,0.7484426130166041,0.04452169509028802
HAM10000_test,shap,256,KNN,0.8396480813132523,0.03668314850288026,0.6049298090911519,0.06988234932323048,0.8138853304816205,0.029822819786995837,0.7376358421201471,0.07609358801043782,0.8901348188430941,0.01907478739797604,0.7161071385286631,0.05072010225439059
HAM10000_test,shap,256,RandomForest,0.9162516893360421,0.010673776853677966,0.6623975605207567,0.03919710952514361,0.8307387463213676,0.012897919947656277,0.8221144911727871,0.04672141650081582,0.839363001469948,0.0427453224683764,0.7529107582919241,0.04019487809596049
HAM10000_test,shap,256,SVM-RBF,0.8965838435760658,0.02271311516470266,0.654137946712773,0.041228482512447616,0.8261126373695097,0.018799997040531837,0.8005130691229345,0.026931394476366496,0.8517122056160848,0.02900501836927386,0.7367793802771381,0.03984428382601014
HAM10000_test,shap,256,Stacking,0.9181074174443156,0.010774850086946931,0.6758278105277157,0.04274950073238329,0.832174412938841,0.019215680557217514,0.8446329737809558,0.051926207450813375,0.8197158520967264,0.059219275284408415,0.7520219771340848,0.03875993501202186
HAM10000_test,shap,256,XGBoost,0.9183691994087357,0.00739403207250252,0.6825951620145995,0.03772581751845072,0.8322376893574198,0.014907379648478408,0.829374217266594,0.07191881301197316,0.8351011614482458,0.05039939436097053,0.7466408112148023,0.02990600458629936
HAM10000_test,shap,512,KNN,0.8437592887104884,0.03911082256109363,0.6100566502067245,0.08047328861191086,0.812776205430864,0.030694959689636335,0.7439542681695148,0.07907644808290785,0.881598142692213,0.020736442864272186,0.7224174847493233,0.06087708756301717
HAM10000_test,shap,512,RandomForest,0.9169841707635833,0.011503044764745916,0.6619913551589803,0.041862562580712394,0.821706345378904,0.021099104670585168,0.8033652486567284,0.11000181562000402,0.8400474421010795,0.0735008645025323,0.7448066900981699,0.04429866394862284
HAM10000_test,shap,512,SVM-RBF,0.9008438031154936,0.01771534420064053,0.6611154552537266,0.04428971217888081,0.8221705217957626,0.012967287047255981,0.814971922595241,0.05105107591642832,0.8293691209962841,0.030136327887912543,0.7358744394618835,0.03557867272089123
HAM10000_test,shap,512,Stacking,0.918411808843605,0.011112907175620109,0.6740537801219569,0.04249482984553988,0.8273712954361118,0.02364739017878472,0.8195249060719914,0.100975919323525,0.8352176848002321,0.06660617779721875,0.7529026784632166,0.04360114507505359
HAM10000_test,shap,512,XGBoost,0.9212162351861691,0.007857015390608497,0.684457247832054,0.0393675081931774,0.8298322119867472,0.01670037359925863,0.827596654950915,0.09383642526543194,0.8320677690225791,0.06790062126347138,0.74304932735426,0.03018003139707648
HAM10000_test,shap,all,KNN,0.8506230811233554,0.040133611064502785,0.6080124798175475,0.0854847531571422,0.8076505659307965,0.028055135314310378,0.721460025047469,0.06682820597082034,0.8938411068141241,0.020195995006897692,0.7071223690057771,0.05293269820194202
HAM10000_test,shap,all,RandomForest,0.9176349093288516,0.012163478431930178,0.6603416037512264,0.038499479858132256,0.8290536898312146,0.012669096601190331,0.8581586070375309,0.07254162053909742,0.7999487726248983,0.08052557417888981,0.7331474972730578,0.03370757926964166
HAM10000_test,shap,all,SVM-RBF,0.9059066036043857,0.016237260796983375,0.6762697349031498,0.04850363871012675,0.8288956451698251,0.017300833019600347,0.7861875328243041,0.04155704886152859,0.8716037575153461,0.026338700386999647,0.7493475538318588,0.04440745590239289
HAM10000_test,shap,all,Stacking,0.91850643555344,0.01049330169828892,0.6711671177720604,0.03498179384080554,0.8220687671943281,0.024866494192457296,0.8168868419989496,0.11985840497784117,0.8272506923897065,0.09351080743031918,0.7529067183775704,0.032002170780134336
HAM10000_test,shap,all,XGBoost,0.9212447045040877,0.008260278409218284,0.6841295453005951,0.03605047582116009,0.8312579889800794,0.03020054933754717,0.8195451056437604,0.11020464438722627,0.8429708723163983,0.06486086161503768,0.7484264533591888,0.036573648317942825
ISIC2020_external,gain,256,KNN,0.5892141453199384,0.014566358592057977,0.052071394837265285,0.0069666279976344555,0.5847539562269716,0.012650028551736392,0.2629948364888124,0.06325623184283441,0.9065130759651308,0.05874541737820548,0.2388984509466437,0.036255056140878386
ISIC2020_external,gain,256,RandomForest,0.6784112772027445,0.02116703219525428,0.07475241188430452,0.010078341739758823,0.6277641074884844,0.024106783247997966,0.4337349397590361,0.10782414779551464,0.8217932752179328,0.08248333840408895,0.3404475043029259,0.05305561836923592
ISIC2020_external,gain,256,SVM-RBF,0.631017650034402,0.022285772162593063,0.06090005299665474,0.0048639770109494595,0.5984259703821513,0.006582825409229332,0.31566265060240956,0.0482634102411968,0.881189290161893,0.039944005041474384,0.2943201376936317,0.0034423407917383853
ISIC2020_external,gain,256,Stacking,0.6773680668234225,0.017457939465265297,0.07604730445201084,0.009166547588952231,0.6274446299697992,0.0199259170519007,0.4426850258175559,0.1042651442850059,0.8122042341220423,0.07539606470633796,0.3421686746987952,0.04633434182291231
ISIC2020_external,gain,256,XGBoost,0.685513612893131,0.015449689462446825,0.07756552157374717,0.009156937102241598,0.6268515067207096,0.020321156932213306,0.40206540447504296,0.09108065555750962,0.851637608966376,0.06655909059683769,0.33562822719449226,0.035336428859979035
ISIC2020_external,gain,512,KNN,0.5880947308179525,0.01565830388302994,0.051699507106372423,0.0075723541978534375,0.5771587399232225,0.012427501632957161,0.2368330464716007,0.052862632270573244,0.9174844333748442,0.06236238569937266,0.24509466437177277,0.03656423860848919
ISIC2020_external,gain,512,RandomForest,0.6879096299805163,0.020998670305305323,0.07696696240611636,0.011074440802940885,0.6303978679350027,0.02419125318530862,0.4409638554216867,0.1301357347925315,0.8198318804483188,0.09541749517957311,0.34388984509466436,0.04373602013403575
ISIC2020_external,gain,512,SVM-RBF,0.650036909781092,0.014303120868350666,0.06505936864734344,0.006525122297190084,0.610331877233181,0.006727917904963885,0.4516351118760757,0.08397300907736233,0.7690286425902865,0.07592663635352652,0.29604130808950085,0.022108834042452882
ISIC2020_external,gain,512,Stacking,0.6872862844368044,0.019202933838323485,0.07810152873167883,0.009730159240696286,0.633708479175553,0.019503381279201742,0.4244406196213425,0.08337112040408126,0.8429763387297633,0.0694125559164107,0.3466437177280551,0.03972884832014734
ISIC2020_external,gain,512,XGBoost,0.6905098297477402,0.015967736541248896,0.07788217729085697,0.010039215642953575,0.6299962007789206,0.02882748955244755,0.4154905335628227,0.11007823278273958,0.8445018679950186,0.05349130298829386,0.3421686746987952,0.03378057259992314
ISIC2020_external,shap,256,KNN,0.5907976381598267,0.00894113286302414,0.05376570179816326,0.004294453808118974,0.5858778290532706,0.008712967934375074,0.2654044750430292,0.04693780305109303,0.9063511830635118,0.04826805591062422,0.24061962134251286,0.015269022455226764
ISIC2020_external,shap,256,RandomForest,0.6870760305052267,0.025393271454749046,0.07771549058849754,0.011032611421764812,0.6284387934231143,0.017770450325389264,0.3776247848537005,0.07412631506855243,0.879252801992528,0.054414654459026,0.342512908777969,0.044033042359607706
ISIC2020_external,shap,256,SVM-RBF,0.6609615565982129,0.013832030482752491,0.06305638140305825,0.006619607569065215,0.6100762523497298,0.0073264696248502344,0.387263339070568,0.08053716583338615,0.8328891656288917,0.07158806276881403,0.3039586919104991,0.02053176655207801
ISIC2020_external,shap,256,Stacking,0.6865225391871703,0.020849024138433092,0.07918378377248739,0.00895359142545366,0.6292477703019872,0.023467609770508227,0.4089500860585198,0.09362281015087577,0.8495454545454546,0.06311944833358467,0.34251290877796897,0.040730325529085135
ISIC2020_external,shap,256,XGBoost,0.6954471345620876,0.013390322316768325,0.07868061739644087,0.008748501374945837,0.6333788793315943,0.022439617691131314,0.39793459552495697,0.09835852576162389,0.8688231631382315,0.05626854453283073,0.35077452667814113,0.029547036967645095
ISIC2020_external,shap,512,KNN,0.5872775767721303,0.006889516393542484,0.05389021322999138,0.005973237986114898,0.5804428477117864,0.007093260933930885,0.26574870912220305,0.04596846264888633,0.89513698630137,0.05052306603962519,0.2409638554216867,0.016418919129379442
ISIC2020_external,shap,512,RandomForest,0.6897576161254161,0.02887036860573947,0.07810688640021111,0.011925137362333221,0.6231449459106664,0.03179514500615279,0.36867469879518067,0.12398043286462015,0.877615193026152,0.07576987274882564,0.3387263339070568,0.04893090977135477
ISIC2020_external,shap,512,SVM-RBF,0.6610763423735861,0.018663540535851668,0.06543477278267505,0.007447018278224101,0.6118208450239313,0.011787818917934243,0.4289156626506023,0.06164337591991935,0.7947260273972603,0.05448226560329246,0.3098106712564544,0.021044783581131623
ISIC2020_external,shap,512,Stacking,0.6903035840211942,0.02546323868420196,0.07861047273875153,0.010925710048451243,0.6272858289589598,0.0291197615036837,0.38691910499139415,0.11491567868522953,0.8676525529265255,0.07149185761486644,0.34492254733218586,0.04106714007268196
ISIC2020_external,shap,512,XGBoost,0.6966685600255496,0.016219088538600178,0.07884503986349188,0.00986316903433957,0.6314547694424737,0.02714564235418859,0.4027538726333907,0.13021310985153178,0.8601556662515566,0.08811423343709683,0.34285714285714286,0.04354935252952548
ISIC2020_external,shap,all,KNN,0.5783480836707442,0.012637054023457502,0.049852080410762924,0.006491967312514296,0.5680421901089503,0.00609942928708869,0.22685025817555932,0.02725216655930789,0.9092341220423412,0.03713927696393792,0.23820998278829603,0.022592615246967897
ISIC2020_external,shap,all,RandomForest,0.6894822235035141,0.020422850561663583,0.07658269023251937,0.01048350918528444,0.6255377692945773,0.03139206420888972,0.42512908777969016,0.1578558177014463,0.8259464508094645,0.09925901428781914,0.3373493975903615,0.04752737098617585
ISIC2020_external,shap,all,SVM-RBF,0.6706317852802421,0.013048008876415303,0.06948373798460925,0.007065387056242741,0.6160513714705825,0.011979848535056839,0.3741824440619621,0.061078514966923236,0.857920298879203,0.04618290337490752,0.31910499139414794,0.028944334608713145
ISIC2020_external,shap,all,Stacking,0.695756854137775,0.014834861350907122,0.07786746217639966,0.009387022338987727,0.6226082697629158,0.03224806381563308,0.3876075731497418,0.1632001752710595,0.8576089663760896,0.10122014982763132,0.3456110154905335,0.03881992897125542
ISIC2020_external,shap,all,XGBoost,0.6944530086187125,0.011691385967899134,0.07870380042487488,0.010181453806400616,0.6218797034785647,0.026742630132664463,0.36213425129087773,0.11257954391680094,0.8816251556662514,0.06229648406366583,0.34010327022375214,0.04801726093663745
