fold,dataset,classifier,k_features,threshold,accuracy,balanced_accuracy,sensitivity,specificity,f1_melanoma,auroc,auprc,prevalence,tn,fp,fn,tp,n_samples,sens_at_spec80,sens_at_spec90,sens_at_spec95
1,HAM10000_test,SVM-RBF,256,0.022483880241000054,0.8552171742386421,0.7851740817251978,0.695067264573991,0.8752808988764045,0.5166666666666667,0.8595392250717993,0.5751444935749359,0.11133300049925113,1558,222,68,155,2003,0.7488789237668162,0.6591928251121076,0.515695067264574
1,ISIC2020_external,SVM-RBF,256,0.022483880241000054,0.8563040885599829,0.5989852221552997,0.33218588640275387,0.8657845579078456,0.07590953785644051,0.6528589272585807,0.06797801877607895,0.01776704076327941,27809,4311,388,193,32701,0.42857142857142855,0.2908777969018933,0.20654044750430292
1,HAM10000_test,XGBoost,256,0.005070514045655727,0.8602096854717923,0.807595606388875,0.7399103139013453,0.8752808988764045,0.5409836065573771,0.8994205673401522,0.605957083943744,0.11133300049925113,1558,222,58,165,2003,0.8161434977578476,0.6995515695067265,0.5605381165919282
1,ISIC2020_external,XGBoost,256,0.005070514045655727,0.9043148527567965,0.6158196564946854,0.31669535283993117,0.9149439601494396,0.10523305690591936,0.6799329590198546,0.08330525323921159,0.01776704076327941,29388,2732,397,184,32701,0.46815834767641995,0.3304647160068847,0.25989672977624784
1,HAM10000_test,RandomForest,256,0.043333333333333335,0.8092860708936596,0.8122852320249911,0.8161434977578476,0.8084269662921348,0.4879356568364611,0.8921247543709376,0.5892328081741265,0.11133300049925113,1439,341,41,182,2003,0.8161434977578476,0.6905829596412556,0.547085201793722
1,ISIC2020_external,RandomForest,256,0.043333333333333335,0.7974068071312804,0.6391404436461376,0.4750430292598967,0.8032378580323786,0.07691235892434165,0.6788091612134358,0.07973669340203061,0.01776704076327941,25800,6320,305,276,32701,0.4750430292598967,0.33907056798623064,0.26161790017211706
1,HAM10000_test,KNN,256,0.08777373273657643,0.8761857214178732,0.7675530306847382,0.6278026905829597,0.9073033707865169,0.5303030303030303,0.7805461782637173,0.4730284476906571,0.11133300049925113,1615,165,83,140,2003,0.6278026905829597,0.6278026905829597,0.5336322869955157
1,ISIC2020_external,KNN,256,0.08777373273657643,0.929237637992722,0.5811854159209333,0.22030981067125646,0.9420610211706102,0.09961089494163425,0.5829845266138384,0.05332867206669405,0.01776704076327941,30259,1861,453,128,32701,0.22030981067125646,0.22030981067125646,0.19965576592082615
1,HAM10000_test,Stacking,256,0.05010748844935714,0.7948077883175237,0.8100229253791504,0.8295964125560538,0.7904494382022472,0.4737516005121639,0.8930216153574848,0.5993989975562717,0.11133300049925113,1407,373,38,185,2003,0.8161434977578476,0.6905829596412556,0.547085201793722
1,ISIC2020_external,Stacking,256,0.05010748844935714,0.7552368429100027,0.6303493461481579,0.5008605851979346,0.7598381070983811,0.06778476589797344,0.6780797268418988,0.08144076492726607,0.01776704076327941,24406,7714,290,291,32701,0.47676419965576594,0.33907056798623064,0.25989672977624784
1,HAM10000_test,SVM-RBF,512,0.00917252771083783,0.8212680978532202,0.7915692547992139,0.7533632286995515,0.8297752808988764,0.484149855907781,0.8673880183403033,0.5861711565821234,0.11133300049925113,1477,303,55,168,2003,0.7847533632286996,0.6636771300448431,0.5426008968609866
1,ISIC2020_external,SVM-RBF,512,0.00917252771083783,0.765909299409804,0.6053614297074439,0.4388984509466437,0.7718244084682441,0.062461726883037354,0.6399349041781787,0.07040685745214498,0.01776704076327941,24791,7329,326,255,32701,0.41308089500860584,0.270223752151463,0.21686746987951808
1,HAM10000_test,XGBoost,512,0.0011963198194280267,0.8222666000998502,0.8058598276817655,0.7847533632286996,0.8269662921348314,0.49575070821529743,0.9043784954905023,0.6138728125845612,0.11133300049925113,1472,308,48,175,2003,0.8161434977578476,0.6816143497757847,0.547085201793722
1,ISIC2020_external,XGBoost,512,0.0011963198194280267,0.849668205865264,0.6302530259804562,0.4027538726333907,0.8577521793275218,0.08692421991084695,0.6839767449088294,0.08316633325380812,0.01776704076327941,27551,4569,347,234,32701,0.459552495697074,0.342512908777969,0.24612736660929432
1,HAM10000_test,RandomForest,512,0.056666666666666664,0.8257613579630554,0.8156711341764498,0.8026905829596412,0.8286516853932584,0.5063649222065064,0.9045951529198367,0.593048990835827,0.11133300049925113,1475,305,44,179,2003,0.8251121076233184,0.6860986547085202,0.5560538116591929
1,ISIC2020_external,RandomForest,512,0.056666666666666664,0.8335830708541023,0.6465705197591647,0.45266781411359724,0.8404732254047322,0.08813672922252011,0.6937312048407114,0.0849680570873149,0.01776704076327941,26996,5124,318,263,32701,0.47160068846815834,0.35456110154905335,0.2667814113597246
1,HAM10000_test,KNN,512,0.09037983111013448,0.8826759860209685,0.7398246586385853,0.5560538116591929,0.9235955056179775,0.5134575569358178,0.7710938680908953,0.46081458065245595,0.11133300049925113,1644,136,99,124,2003,0.6143497757847534,0.6143497757847534,0.5067264573991032
1,ISIC2020_external,KNN,512,0.09037983111013448,0.9222653741475796,0.5649609467937575,0.1944922547332186,0.9354296388542964,0.08164739884393063,0.5764683801921795,0.049857284051647625,0.01776704076327941,30046,2074,468,113,32701,0.23235800344234078,0.23235800344234078,0.16523235800344235
1,HAM10000_test,Stacking,512,0.05803959418946661,0.8287568647029456,0.8173565274348769,0.8026905829596412,0.8320224719101124,0.5106990014265336,0.9044490351186576,0.6020405561775216,0.11133300049925113,1481,299,44,179,2003,0.8251121076233184,0.6860986547085202,0.5650224215246636
1,ISIC2020_external,Stacking,512,0.05803959418946661,0.8300051986177793,0.6430591874703939,0.44922547332185886,0.836892901618929,0.08584114454859398,0.6889715953299053,0.08390206513969907,0.01776704076327941,26881,5239,320,261,32701,0.4819277108433735,0.35972461273666095,0.2633390705679862
1,HAM10000_test,SVM-RBF,all,0.022482302969806883,0.8597104343484773,0.7994696931526175,0.7219730941704036,0.8769662921348315,0.5339966832504146,0.8797097798155892,0.5912777410893365,0.11133300049925113,1561,219,62,161,2003,0.8071748878923767,0.672645739910314,0.5381165919282511
1,ISIC2020_external,SVM-RBF,all,0.022482302969806883,0.8491789241919208,0.6038083842218188,0.3493975903614458,0.8582191780821918,0.07605844885724991,0.6546098644712278,0.07341557760828989,0.01776704076327941,27566,4554,378,203,32701,0.43029259896729777,0.29259896729776247,0.2134251290877797
1,HAM10000_test,XGBoost,all,0.0010316348634660244,0.8142785821268098,0.8131329671990729,0.8116591928251121,0.8146067415730337,0.49318801089918257,0.9067566886683125,0.6148665875830731,0.11133300049925113,1450,330,42,181,2003,0.8430493273542601,0.6860986547085202,0.5605381165919282
1,ISIC2020_external,XGBoost,all,0.0010316348634660244,0.8259992049172808,0.6342598109927702,0.4354561101549053,0.8330635118306351,0.08166559070367979,0.6834809974643281,0.08305863052164383,0.01776704076327941,26758,5362,328,253,32701,0.45611015490533563,0.35111876075731496,0.2495697074010327
1,HAM10000_test,RandomForest,all,0.08666666666666667,0.8437343984023964,0.810093465007306,0.7668161434977578,0.8533707865168539,0.5221374045801527,0.8993487680757798,0.5899585800270537,0.11133300049925113,1519,261,52,171,2003,0.8385650224215246,0.6995515695067265,0.5560538116591929
1,ISIC2020_external,RandomForest,all,0.08666666666666667,0.8627259105226139,0.632674882058031,0.39414802065404475,0.8712017434620174,0.09258136244188397,0.6939061887114372,0.08237628399296419,0.01776704076327941,27983,4137,352,229,32701,0.4819277108433735,0.3459552495697074,0.2633390705679862
1,HAM10000_test,KNN,all,0.08910194691466572,0.8671992011982027,0.7605355973194942,0.6233183856502242,0.8977528089887641,0.5110294117647058,0.7855570111351842,0.4586844184751001,0.11133300049925113,1598,182,84,139,2003,0.6547085201793722,0.6143497757847534,0.47085201793721976
1,ISIC2020_external,KNN,all,0.08910194691466572,0.8709213785511146,0.5633301217679828,0.24440619621342513,0.8822540473225404,0.06304106548279689,0.5663916562889166,0.0462691480550467,0.01776704076327941,28338,3782,439,142,32701,0.24784853700516352,0.22203098106712565,0.14629948364888123
1,HAM10000_test,Stacking,all,0.06826972316520823,0.836245631552671,0.8176475034010178,0.7937219730941704,0.8415730337078652,0.5190615835777126,0.9021968055625535,0.6118484927813765,0.11133300049925113,1498,282,46,177,2003,0.8385650224215246,0.695067264573991,0.5515695067264574
1,ISIC2020_external,Stacking,all,0.06826972316520823,0.8407082352221644,0.6383672834015299,0.42857142857142855,0.8481631382316314,0.08726125810408271,0.6979856626291682,0.08335501188614412,0.01776704076327941,27243,4877,332,249,32701,0.48709122203098104,0.35456110154905335,0.25817555938037867
2,HAM10000_test,SVM-RBF,256,0.05730643847134564,0.8876684972541188,0.8284001294950201,0.7522522522522522,0.9045480067377878,0.5974955277280859,0.9115538896560796,0.6944113588774187,0.1108337493759361,1611,170,55,167,2003,0.8693693693693694,0.7567567567567568,0.6486486486486487
2,ISIC2020_external,SVM-RBF,256,0.05730643847134564,0.9312559248952631,0.5898179803362177,0.23580034423407917,0.9438356164383561,0.10864393338620143,0.6080354865467921,0.06061577635520558,0.01776704076327941,30316,1804,444,137,32701,0.3924268502581756,0.2977624784853701,0.22547332185886404
2,HAM10000_test,XGBoost,256,0.000647359061986208,0.7698452321517724,0.83509112706193,0.918918918918919,0.751263335204941,0.46950517836593786,0.9288005017932025,0.7123087253547521,0.1108337493759361,1338,443,18,204,2003,0.8873873873873874,0.7612612612612613,0.6306306306306306
2,ISIC2020_external,XGBoost,256,0.000647359061986208,0.8002201767530045,0.627897294568775,0.44922547332185886,0.8065691158156911,0.0739900779588944,0.6826668174209023,0.07869850086109187,0.01776704076327941,25907,6213,320,261,32701,0.45266781411359724,0.33907056798623064,0.2495697074010327
2,HAM10000_test,RandomForest,256,0.03333333333333333,0.7668497254118821,0.8353781912176073,0.9234234234234234,0.7473329590117911,0.467502850627138,0.9194437278378885,0.7086000531588141,0.1108337493759361,1331,450,17,205,2003,0.8828828828828829,0.7567567567567568,0.6351351351351351
2,ISIC2020_external,RandomForest,256,0.03333333333333333,0.7873153726185743,0.6272433087625364,0.4612736660929432,0.7932129514321296,0.07155252970230944,0.6644071393204914,0.07812268885040946,0.01776704076327941,25478,6642,313,268,32701,0.4509466437177281,0.3476764199655766,0.2512908777969019
2,HAM10000_test,KNN,256,0.08867433545303595,0.8841737393909136,0.8224919192072477,0.7432432432432432,0.9017405951712522,0.5871886120996441,0.8540550657338979,0.6356640162861897,0.1108337493759361,1606,175,57,165,2003,0.7702702702702703,0.7477477477477478,0.6396396396396397
2,ISIC2020_external,KNN,256,0.08867433545303595,0.924864683037216,0.5814944442420098,0.22547332185886404,0.9375155666251557,0.09635895549834499,0.5822680867572765,0.05247082093539228,0.01776704076327941,30113,2007,450,131,32701,0.22547332185886404,0.22547332185886404,0.20137693631669534
2,HAM10000_test,Stacking,256,0.06476724871544662,0.7758362456315526,0.8364885098461741,0.9144144144144144,0.7585626052779337,0.47485380116959064,0.9235170038089746,0.718781289744609,0.1108337493759361,1351,430,19,203,2003,0.8783783783783784,0.7702702702702703,0.6396396396396397
2,ISIC2020_external,Stacking,256,0.06476724871544662,0.8053270542185255,0.6296519023969923,0.4475043029259897,0.811799501867995,0.07551553877432472,0.6617129074919139,0.07802733558504814,0.01776704076327941,26075,6045,321,260,32701,0.45611015490533563,0.3528399311531842,0.2512908777969019
2,HAM10000_test,SVM-RBF,512,0.006198089200128573,0.7693459810284573,0.8111522527580922,0.8648648648648649,0.7574396406513195,0.45390070921985815,0.9089816936532266,0.6823829497626268,0.1108337493759361,1349,432,30,192,2003,0.8648648648648649,0.7612612612612613,0.6486486486486487
2,ISIC2020_external,SVM-RBF,512,0.006198089200128573,0.7668878627564907,0.6050145431396463,0.43717728055077454,0.7728518057285181,0.06247694010576805,0.6393502849683736,0.06127640306633622,0.01776704076327941,24824,7296,327,254,32701,0.4079173838209983,0.30120481927710846,0.2306368330464716
2,HAM10000_test,XGBoost,512,0.0008730976260267198,0.7908137793310035,0.8449107445457811,0.9144144144144144,0.7754070746771476,0.4921212121212121,0.9247082568250452,0.7077471645931985,0.1108337493759361,1381,400,19,203,2003,0.8873873873873874,0.7702702702702703,0.6216216216216216
2,ISIC2020_external,XGBoost,512,0.0008730976260267198,0.8274364698327268,0.6223161637834026,0.40963855421686746,0.8349937733499377,0.07779048864193495,0.6835124254355975,0.0781174510847038,0.01776704076327941,26820,5300,343,238,32701,0.45438898450946646,0.3493975903614458,0.24268502581755594
2,HAM10000_test,RandomForest,512,0.04666666666666667,0.7893160259610584,0.8361824766934256,0.8963963963963963,0.7759685569904547,0.4853658536585366,0.9172926435700158,0.6976180672184122,0.1108337493759361,1382,399,23,199,2003,0.8783783783783784,0.7477477477477478,0.6126126126126126
2,ISIC2020_external,RandomForest,512,0.04666666666666667,0.8281398122381578,0.6353494747536669,0.4354561101549053,0.8352428393524284,0.08259875938622266,0.6783085910623458,0.07634678318108294,0.01776704076327941,26828,5292,328,253,32701,0.46987951807228917,0.342512908777969,0.24784853700516352
2,HAM10000_test,KNN,512,0.08566078991916899,0.8647029455816275,0.8273151028625481,0.7792792792792793,0.8753509264458169,0.5607779578606159,0.8552197621540687,0.6349746070692706,0.1108337493759361,1559,222,49,173,2003,0.7792792792792793,0.7342342342342343,0.6171171171171171
2,ISIC2020_external,KNN,512,0.08566078991916899,0.9211339102779732,0.5939606317102604,0.2547332185886403,0.9331880448318804,0.10295652173913043,0.5973444837882039,0.05738992382979803,0.01776704076327941,29974,2146,433,148,32701,0.2547332185886403,0.2547332185886403,0.2306368330464716
2,HAM10000_test,Stacking,512,0.06778603540620737,0.7848227658512231,0.8336558062835435,0.8963963963963963,0.7709152161706906,0.48009650180940894,0.9219033744581191,0.7076686110569508,0.1108337493759361,1373,408,23,199,2003,0.8873873873873874,0.7612612612612613,0.6126126126126126
2,ISIC2020_external,Stacking,512,0.06778603540620737,0.818659979817131,0.634748913819305,0.4440619621342513,0.8254358655043587,0.08004964318957493,0.6762163937729212,0.07774668944448543,0.01776704076327941,26513,5607,323,258,32701,0.47332185886402756,0.3442340791738382,0.2495697074010327
2,HAM10000_test,SVM-RBF,all,0.05196919447516763,0.8846729905142287,0.8346017269374933,0.7702702702702703,0.8989331836047164,0.5968586387434555,0.916351781315285,0.7063659428137272,0.1108337493759361,1601,180,51,171,2003,0.8783783783783784,0.7702702702702703,0.6666666666666666
2,ISIC2020_external,SVM-RBF,all,0.05196919447516763,0.9236720589584416,0.6104629959082013,0.2857142857142857,0.935211706102117,0.1173974540311174,0.6820973629440372,0.06894882479890967,0.01776704076327941,30039,2081,415,166,32701,0.4819277108433735,0.3442340791738382,0.24268502581755594
2,HAM10000_test,XGBoost,all,0.0018458808772265911,0.8197703444832751,0.8513361761536944,0.8918918918918919,0.8107804604154969,0.523117569352708,0.9266405653266967,0.712430636668943,0.1108337493759361,1444,337,24,198,2003,0.9009009009009009,0.7612612612612613,0.6396396396396397
2,ISIC2020_external,XGBoost,all,0.0018458808772265911,0.8710436989694504,0.6233887069359094,0.36660929432013767,0.8801681195516812,0.09175102304544476,0.6869984921004065,0.07860324711671193,0.01776704076327941,28271,3849,368,213,32701,0.46987951807228917,0.33218588640275387,0.24096385542168675
2,HAM10000_test,RandomForest,all,0.06666666666666667,0.8027958062905641,0.8437624879230718,0.8963963963963963,0.7911285794497473,0.501891551071879,0.9230415142823901,0.7028497377608057,0.1108337493759361,1409,372,23,199,2003,0.8918918918918919,0.7522522522522522,0.6216216216216216
2,ISIC2020_external,RandomForest,all,0.06666666666666667,0.8559677074095593,0.6309246950441867,0.39759036144578314,0.8642590286425903,0.08932714617169374,0.6801165165911824,0.07501069904471865,0.01776704076327941,27760,4360,350,231,32701,0.47160068846815834,0.342512908777969,0.23580034423407917
2,HAM10000_test,KNN,all,0.0915502089921477,0.8956565152271593,0.8052908326630954,0.6891891891891891,0.9213924761370017,0.5941747572815534,0.8537894997749014,0.6241099460728958,0.1108337493759361,1641,140,69,153,2003,0.7792792792792793,0.7252252252252253,0.6396396396396397
2,ISIC2020_external,KNN,all,0.0915502089921477,0.9372802054983028,0.5759842340363053,0.20137693631669534,0.9505915317559153,0.10240700218818381,0.5916780446818406,0.053802977630635816,0.01776704076327941,30533,1587,464,117,32701,0.2736660929432014,0.2719449225473322,0.20137693631669534
2,HAM10000_test,Stacking,all,0.08084452659561248,0.8082875686470294,0.8448791295506624,0.8918918918918919,0.7978663672094329,0.5076923076923077,0.9255530094946154,0.7125034413107526,0.1108337493759361,1421,360,24,198,2003,0.8873873873873874,0.7477477477477478,0.6396396396396397
2,ISIC2020_external,Stacking,all,0.08084452659561248,0.8538271000886823,0.6340601241471847,0.40619621342512907,0.8619240348692403,0.08987052551408987,0.6849423311463252,0.07729702745295973,0.01776704076327941,27685,4435,345,236,32701,0.4974182444061962,0.35111876075731496,0.24784853700516352
3,HAM10000_test,SVM-RBF,256,0.03611322400111961,0.8567149276085871,0.819358089383786,0.7713004484304933,0.8674157303370786,0.5451664025356577,0.9058182596866026,0.6820449769416287,0.11133300049925113,1544,236,51,172,2003,0.852017937219731,0.7354260089686099,0.5919282511210763
3,ISIC2020_external,SVM-RBF,256,0.03611322400111961,0.8270389284731354,0.596763240473011,0.35800344234079173,0.8355230386052304,0.06851119894598155,0.6119753699015954,0.056841828612052864,0.01776704076327941,26837,5283,373,208,32701,0.3924268502581756,0.2943201376936317,0.2134251290877797
3,HAM10000_test,XGBoost,256,0.019755162298679352,0.871193210184723,0.8373104247493324,0.7937219730941704,0.8808988764044944,0.5784313725490197,0.9235980248904117,0.6992125354943785,0.11133300049925113,1568,212,46,177,2003,0.9013452914798207,0.7354260089686099,0.600896860986547
3,ISIC2020_external,XGBoost,256,0.019755162298679352,0.9026329470046788,0.6031332320922187,0.29259896729776247,0.9136674968866749,0.09648127128263337,0.6726046420158485,0.07435869748217326,0.01776704076327941,29347,2773,411,170,32701,0.4457831325301205,0.31841652323580033,0.23752151462994836
3,HAM10000_test,RandomForest,256,0.18,0.8981527708437343,0.8289439209956164,0.7399103139013453,0.9179775280898876,0.6179775280898876,0.9295460271073713,0.6730460934946796,0.11133300049925113,1634,146,58,165,2003,0.905829596412556,0.7757847533632287,0.6322869955156951
3,ISIC2020_external,RandomForest,256,0.18,0.9442218892388612,0.5997983036933359,0.24268502581755594,0.9569115815691158,0.1339031339031339,0.6937530945700612,0.07667938848818093,0.01776704076327941,30736,1384,440,141,32701,0.4509466437177281,0.35111876075731496,0.25645438898450945
3,HAM10000_test,KNN,256,0.08706033596653141,0.853220169745382,0.831120572378697,0.8026905829596412,0.8595505617977528,0.549079754601227,0.8651937320501839,0.6562166059693235,0.11133300049925113,1530,250,44,179,2003,0.8026905829596412,0.7309417040358744,0.6457399103139013
3,ISIC2020_external,KNN,256,0.08706033596653141,0.8593315189137947,0.6055964294823843,0.342512908777969,0.8686799501867996,0.07963185274109644,0.6150546680584641,0.05936380715521706,0.01776704076327941,27902,4218,382,199,32701,0.3442340791738382,0.29948364888123924,0.2289156626506024
3,HAM10000_test,Stacking,256,0.22904569219572088,0.8881677483774338,0.8390159721872323,0.7757847533632287,0.902247191011236,0.6070175438596491,0.9309265884012697,0.6892436365164669,0.11133300049925113,1606,174,50,173,2003,0.9103139013452914,0.7757847533632287,0.6233183856502242
3,ISIC2020_external,Stacking,256,0.22904569219572088,0.9305525824898321,0.605515300840437,0.2685025817555938,0.9425280199252802,0.1207897793263647,0.6903855593160759,0.07845939467831013,0.01776704076327941,30274,1846,425,156,32701,0.46471600688468157,0.35456110154905335,0.25645438898450945
3,HAM10000_test,SVM-RBF,512,0.03381373884428581,0.8647029455816275,0.8395425001259635,0.8071748878923767,0.8719101123595505,0.5705229793977813,0.9157857610722023,0.6988007281402504,0.11133300049925113,1552,228,43,180,2003,0.8834080717488789,0.7443946188340808,0.6278026905829597
3,ISIC2020_external,SVM-RBF,512,0.03381373884428581,0.8416867985688511,0.6059096910681331,0.3614457831325301,0.850373599003736,0.07504020010720029,0.6558440486728984,0.06597112128850223,0.01776704076327941,27314,4806,371,210,32701,0.43201376936316693,0.3080895008605852,0.22203098106712565
3,HAM10000_test,XGBoost,512,0.005722066853195429,0.8382426360459311,0.8521124099360105,0.8699551569506726,0.8342696629213483,0.5449438202247191,0.9305411397188492,0.7065539456055198,0.11133300049925113,1485,295,29,194,2003,0.9103139013452914,0.7443946188340808,0.6098654708520179
3,ISIC2020_external,XGBoost,512,0.005722066853195429,0.8768539188404024,0.6128260685510232,0.33907056798623064,0.8865815691158156,0.08912010857272111,0.6788282376972755,0.07836558858453152,0.01776704076327941,28477,3643,384,197,32701,0.45266781411359724,0.31669535283993117,0.23580034423407917
3,HAM10000_test,RandomForest,512,0.16666666666666666,0.8951572641038442,0.8429485564568953,0.7757847533632287,0.9101123595505618,0.6223021582733813,0.930537360810198,0.6881797853224819,0.11133300049925113,1620,160,50,173,2003,0.905829596412556,0.7892376681614349,0.6322869955156951
3,ISIC2020_external,RandomForest,512,0.16666666666666666,0.9447417510167885,0.602597992039319,0.24784853700516352,0.9573474470734745,0.13747016706443915,0.7032591047341831,0.0827184595313914,0.01776704076327941,30750,1370,437,144,32701,0.4905335628227194,0.3459552495697074,0.26161790017211706
3,HAM10000_test,KNN,512,0.17688527546553487,0.9011482775836246,0.8169005391243009,0.7085201793721974,0.9252808988764045,0.6147859922178989,0.8700055423993551,0.6648546745290325,0.11133300049925113,1647,133,65,158,2003,0.8161434977578476,0.757847533632287,0.672645739910314
3,ISIC2020_external,KNN,512,0.17688527546553487,0.9440078285067734,0.5819439472888888,0.20654044750430292,0.9573474470734745,0.1158860453887011,0.6108736761670415,0.059246465866363375,0.01776704076327941,30750,1370,461,120,32701,0.33562822719449226,0.3029259896729776,0.22030981067125646
3,HAM10000_test,Stacking,512,0.2072781205829729,0.8856714927608587,0.8493789993449892,0.8026905829596412,0.8960674157303371,0.6098807495741057,0.9311079760165265,0.6950073936965104,0.11133300049925113,1595,185,44,179,2003,0.9103139013452914,0.7892376681614349,0.6412556053811659
3,ISIC2020_external,Stacking,512,0.2072781205829729,0.9303996819669124,0.6105075791513322,0.27882960413080893,0.9421855541718556,0.12461538461538461,0.7030741003508787,0.08260580895636295,0.01776704076327941,30263,1857,419,162,32701,0.49225473321858865,0.3476764199655766,0.26161790017211706
3,HAM10000_test,SVM-RBF,all,0.035350564493498354,0.8686969545681478,0.8417896911371996,0.8071748878923767,0.8764044943820225,0.5778491171749599,0.9206832266841336,0.7075379518650657,0.11133300049925113,1560,220,43,180,2003,0.874439461883408,0.7668161434977578,0.6367713004484304
3,ISIC2020_external,SVM-RBF,all,0.035350564493498354,0.8159689306137426,0.6122535864861332,0.4010327022375215,0.8234744707347447,0.07186921653300432,0.6598143686648391,0.06597413111686051,0.01776704076327941,26450,5670,348,233,32701,0.43029259896729777,0.31153184165232356,0.21686746987951808
3,HAM10000_test,XGBoost,all,0.005132053513079882,0.8292561158262606,0.8470562301607296,0.8699551569506726,0.8241573033707865,0.5315068493150685,0.9287197057489798,0.7014482509218987,0.11133300049925113,1467,313,29,194,2003,0.8878923766816144,0.7668161434977578,0.6233183856502242
3,ISIC2020_external,XGBoost,all,0.005132053513079882,0.870707317819027,0.6257525297775339,0.3717728055077453,0.8797322540473226,0.0927038626609442,0.6967831475340966,0.07552198915930088,0.01776704076327941,28257,3863,365,216,32701,0.4629948364888124,0.3287435456110155,0.23924268502581755
3,HAM10000_test,RandomForest,all,0.18333333333333332,0.8991512730903645,0.8412732402882048,0.7668161434977578,0.9157303370786517,0.6286764705882353,0.9306872575200282,0.6800591515177484,0.11133300049925113,1630,150,52,171,2003,0.8968609865470852,0.7847533632286996,0.6278026905829597
3,ISIC2020_external,RandomForest,all,0.18333333333333332,0.9487783248218709,0.5936675451137409,0.22547332185886404,0.9618617683686177,0.1352607124419205,0.6979567263896361,0.07861957160398604,0.01776704076327941,30895,1225,450,131,32701,0.46471600688468157,0.33562822719449226,0.25301204819277107
3,HAM10000_test,KNN,all,0.09339269481996745,0.8781827259111333,0.8275142338892527,0.7623318385650224,0.8926966292134831,0.5821917808219178,0.8911195646697234,0.6740949603633465,0.11133300049925113,1589,191,53,170,2003,0.874439461883408,0.7443946188340808,0.6278026905829597
3,ISIC2020_external,KNN,all,0.09339269481996745,0.9148649888382618,0.5730240835249913,0.21858864027538727,0.9274595267745953,0.0836076366030283,0.5924071307467907,0.05835233383004125,0.01776704076327941,29790,2330,454,127,32701,0.3407917383820998,0.2495697074010327,0.18760757314974183
3,HAM10000_test,Stacking,all,0.38870027151744,0.908137793310035,0.8149493626240742,0.695067264573991,0.9348314606741573,0.6275303643724697,0.9289489595404847,0.6841164375531066,0.11133300049925113,1664,116,68,155,2003,0.8923766816143498,0.7982062780269058,0.6412556053811659
3,ISIC2020_external,Stacking,all,0.38870027151744,0.9525090975811137,0.5803563390727114,0.1944922547332186,0.9662204234122043,0.12703766160764474,0.7002090375378047,0.07680185105151673,0.01776704076327941,31035,1085,468,113,32701,0.4819277108433735,0.3459552495697074,0.25817555938037867
4,HAM10000_test,SVM-RBF,256,0.022366858129537384,0.8492261607588617,0.8146691048150903,0.7702702702702703,0.8590679393599102,0.531055900621118,0.8881512056694538,0.6407086790115277,0.1108337493759361,1530,251,51,171,2003,0.8288288288288288,0.7252252252252253,0.5945945945945946
4,ISIC2020_external,SVM-RBF,256,0.022366858129537384,0.8628482309409499,0.6082316099480648,0.3442340791738382,0.8722291407222914,0.08188331627430911,0.6267024154258021,0.06301399462857073,0.01776704076327941,28016,4104,381,200,32701,0.42512908777969016,0.2977624784853701,0.22719449225473323
4,HAM10000_test,XGBoost,256,0.0017988817999139428,0.8077883175237144,0.8268547885336206,0.8513513513513513,0.80235822571589,0.4954128440366973,0.9137315305198517,0.6952764937985058,0.1108337493759361,1429,352,33,189,2003,0.8558558558558559,0.7297297297297297,0.6306306306306306
4,ISIC2020_external,XGBoost,256,0.0017988817999139428,0.8523592550686523,0.6578184647503017,0.45611015490533563,0.8595267745952677,0.09891750653228817,0.7123258734993344,0.08765245110232195,0.01776704076327941,27608,4512,316,265,32701,0.5352839931153184,0.3924268502581756,0.27538726333907054
4,HAM10000_test,RandomForest,256,0.04666666666666667,0.7883175237144283,0.8218204167109278,0.8648648648648649,0.7787759685569905,0.4752475247524752,0.9113262616912252,0.6512489612293494,0.1108337493759361,1387,394,30,192,2003,0.8288288288288288,0.7162162162162162,0.6171171171171171
4,ISIC2020_external,RandomForest,256,0.04666666666666667,0.8163970520779181,0.6614825964594904,0.5008605851979346,0.8221046077210461,0.08836926814454904,0.7036109211798269,0.08213206444333665,0.01776704076327941,26406,5714,290,291,32701,0.5180722891566265,0.40619621342512907,0.2857142857142857
4,HAM10000_test,KNN,256,0.08780246706415651,0.8826759860209685,0.8137636513548923,0.7252252252252253,0.9023020774845593,0.578096947935368,0.8330247709809753,0.6184950917475087,0.1108337493759361,1607,174,61,161,2003,0.7252252252252253,0.7252252252252253,0.6081081081081081
4,ISIC2020_external,KNN,256,0.08780246706415651,0.9485031038806153,0.5842322411867716,0.20654044750430292,0.9619240348692404,0.12474012474012475,0.5855016043537252,0.05463859540843737,0.01776704076327941,30897,1223,461,120,32701,0.20654044750430292,0.20654044750430292,0.20654044750430292
4,HAM10000_test,Stacking,256,0.05372604336729325,0.7758362456315526,0.8266309543681807,0.8918918918918919,0.7613700168444694,0.4686390532544379,0.9123733503295548,0.6563377963383407,0.1108337493759361,1356,425,24,198,2003,0.8468468468468469,0.7252252252252253,0.6171171171171171
4,ISIC2020_external,Stacking,256,0.05372604336729325,0.7707409559340693,0.657677052275996,0.540447504302926,0.774906600249066,0.07729230769230769,0.6983587793622453,0.08232132719026634,0.01776704076327941,24890,7230,267,314,32701,0.5215146299483648,0.3958691910499139,0.270223752151463
4,HAM10000_test,SVM-RBF,512,0.003144372898951778,0.7324013979031453,0.8002349626437217,0.8873873873873874,0.7130825379000562,0.4236559139784946,0.8963407540049876,0.6562838706900047,0.1108337493759361,1270,511,25,197,2003,0.8288288288288288,0.7207207207207207,0.6351351351351351
4,ISIC2020_external,SVM-RBF,512,0.003144372898951778,0.6448426653619156,0.618094795120707,0.5903614457831325,0.6458281444582814,0.055772357723577234,0.6726292646122651,0.07167951153544894,0.01776704076327941,20744,11376,238,343,32701,0.4578313253012048,0.32358003442340794,0.24784853700516352
4,HAM10000_test,XGBoost,512,0.0004914906457997859,0.7523714428357464,0.8311797198658513,0.9324324324324325,0.7299270072992701,0.45494505494505494,0.9183397322083455,0.7020166371344587,0.1108337493759361,1300,481,15,207,2003,0.8738738738738738,0.7432432432432432,0.6486486486486487
4,ISIC2020_external,XGBoost,512,0.0004914906457997859,0.7541665392495642,0.6788155914888874,0.6006884681583476,0.7569427148194271,0.07989012246766625,0.7185097890226624,0.08823955551563124,0.01776704076327941,24313,7807,232,349,32701,0.5352839931153184,0.39414802065404475,0.28055077452667815
4,HAM10000_test,RandomForest,512,0.03,0.7304043934098852,0.8148840867818969,0.9234234234234234,0.7063447501403706,0.43157894736842106,0.910546003611697,0.6555385372354063,0.1108337493759361,1258,523,17,205,2003,0.8378378378378378,0.7297297297297297,0.6036036036036037
4,ISIC2020_external,RandomForest,512,0.03,0.701629919574325,0.6588322780536842,0.6144578313253012,0.7032067247820672,0.06818832967242862,0.7079622617850874,0.08278746206847509,0.01776704076327941,22587,9533,224,357,32701,0.5197934595524957,0.3993115318416523,0.27882960413080893
4,HAM10000_test,KNN,512,0.08635219230017704,0.8771842236645032,0.8106754986317031,0.7252252252252253,0.8961257720381808,0.5669014084507042,0.8323671790825075,0.6127045119315618,0.1108337493759361,1596,185,61,161,2003,0.7252252252252253,0.7207207207207207,0.6036036036036037
4,ISIC2020_external,KNN,512,0.08635219230017704,0.9405828567933703,0.5802004852714541,0.20654044750430292,0.9538605230386052,0.10994044892349977,0.5819550663068569,0.05198967788734267,0.01776704076327941,30638,1482,461,120,32701,0.20654044750430292,0.20654044750430292,0.20654044750430292
4,HAM10000_test,Stacking,512,0.06305945109961496,0.8142785821268098,0.8206468680921235,0.8288288288288288,0.8124649073554183,0.4972972972972973,0.9131472854100591,0.6686902188185725,0.1108337493759361,1447,334,38,184,2003,0.8423423423423423,0.7432432432432432,0.6126126126126126
4,ISIC2020_external,Stacking,512,0.06305945109961496,0.8538576801932662,0.6602712665284872,0.459552495697074,0.8609900373599004,0.1005081874647092,0.7073211901153806,0.08485561284679034,0.01776704076327941,27655,4465,314,267,32701,0.5283993115318416,0.3958691910499139,0.2736660929432014
4,HAM10000_test,SVM-RBF,all,0.01160989813824483,0.8277583624563155,0.8282268793217697,0.8288288288288288,0.8276249298147108,0.5161290322580645,0.9018999347466501,0.6846079812550301,0.1108337493759361,1474,307,38,184,2003,0.8513513513513513,0.7522522522522522,0.6351351351351351
4,ISIC2020_external,SVM-RBF,all,0.01160989813824483,0.8148986269533042,0.6353692746434948,0.44922547332185886,0.8215130759651308,0.0793916349809886,0.683687462891952,0.07880316605586524,0.01776704076327941,26387,5733,320,261,32701,0.46987951807228917,0.35456110154905335,0.2547332185886403
4,HAM10000_test,XGBoost,all,0.002330978401005268,0.8227658512231653,0.8293624899464316,0.8378378378378378,0.8208871420550252,0.5116918844566712,0.9195436312224633,0.6983771718252882,0.1108337493759361,1462,319,36,186,2003,0.8648648648648649,0.7432432432432432,0.6261261261261262
4,ISIC2020_external,XGBoost,all,0.002330978401005268,0.8624812696859423,0.6562108690945958,0.4423407917383821,0.8700809464508095,0.10257433645978846,0.7118122284548262,0.08713842439086736,0.01776704076327941,27947,4173,324,257,32701,0.5387263339070568,0.39070567986230637,0.26161790017211706
4,HAM10000_test,RandomForest,all,0.07666666666666666,0.8087868197703445,0.825444759751329,0.8468468468468469,0.8040426726558113,0.49538866930171277,0.9094141867864495,0.6550861540809348,0.1108337493759361,1432,349,34,188,2003,0.8468468468468469,0.7252252252252253,0.6081081081081081
4,ISIC2020_external,RandomForest,all,0.07666666666666666,0.8573438121158374,0.6561307317867806,0.4475043029259897,0.8647571606475716,0.10028929604628736,0.7091407705184731,0.08096457668389846,0.01776704076327941,27776,4344,321,260,32701,0.5266781411359724,0.39070567986230637,0.27882960413080893
4,HAM10000_test,KNN,all,0.0901185070508123,0.8756864702945582,0.8157478084485383,0.7387387387387387,0.892756878158338,0.5684575389948007,0.8484756513953595,0.6365246754295436,0.1108337493759361,1590,191,58,164,2003,0.7747747747747747,0.7162162162162162,0.5900900900900901
4,ISIC2020_external,KNN,all,0.0901185070508123,0.9133971438182319,0.5655167369352878,0.20481927710843373,0.926214196762142,0.07752442996742671,0.5714676889375684,0.04919676798798279,0.01776704076327941,29750,2370,462,119,32701,0.2306368330464716,0.2306368330464716,0.17728055077452667
4,HAM10000_test,Stacking,all,0.0739859134052786,0.8157763354967549,0.8214890915620843,0.8288288288288288,0.8141493542953397,0.4993215739484396,0.9108482429650313,0.675975806719406,0.1108337493759361,1450,331,38,184,2003,0.8603603603603603,0.7522522522522522,0.6261261261261262
4,ISIC2020_external,Stacking,all,0.0739859134052786,0.8709519586556986,0.652072638534926,0.42512908777969016,0.8790161892901619,0.1047942299533305,0.7116240625194248,0.0844532223858936,0.01776704076327941,28234,3886,334,247,32701,0.5335628227194492,0.3958691910499139,0.2943201376936317
5,HAM10000_test,SVM-RBF,256,0.07719151486713843,0.8896655017473789,0.8339749080465562,0.7623318385650224,0.9056179775280899,0.6060606060606061,0.9046883659998992,0.6602279786924092,0.11133300049925113,1612,168,53,170,2003,0.8699551569506726,0.7847533632286996,0.6816143497757847
5,ISIC2020_external,SVM-RBF,256,0.07719151486713843,0.8782606036512645,0.5983317989981631,0.3080895008605852,0.888574097135741,0.08250749020511638,0.6555160510392397,0.0560506466113658,0.01776704076327941,28541,3579,402,179,32701,0.42168674698795183,0.2908777969018933,0.2117039586919105
5,HAM10000_test,XGBoost,256,0.0030703884549438953,0.7958062905641538,0.8321585126215549,0.8789237668161435,0.7853932584269663,0.4893882646691635,0.9141608303521944,0.6672319632013796,0.11133300049925113,1398,382,27,196,2003,0.874439461883408,0.7713004484304933,0.6457399103139013
5,ISIC2020_external,XGBoost,256,0.0030703884549438953,0.7587229748325739,0.629588885697567,0.49569707401032703,0.763480697384807,0.06803685329553508,0.6800377725097151,0.06381270518393754,0.01776704076327941,24523,7597,293,288,32701,0.4475043029259897,0.2977624784853701,0.2082616179001721
5,HAM10000_test,RandomForest,256,0.03666666666666667,0.7698452321517724,0.8293192925883004,0.905829596412556,0.7528089887640449,0.46705202312138727,0.9189789388824507,0.6489343090694059,0.11133300049925113,1340,440,21,202,2003,0.8789237668161435,0.7668161434977578,0.6412556053811659
5,ISIC2020_external,RandomForest,256,0.03666666666666667,0.7291520136998868,0.611155884880922,0.48881239242685026,0.7334993773349938,0.06026525198938992,0.651476069729907,0.057091224237565144,0.01776704076327941,23560,8560,297,284,32701,0.3889845094664372,0.25817555938037867,0.20309810671256454
5,HAM10000_test,KNN,256,0.08464394299385018,0.8407388916625063,0.8339043684184008,0.8251121076233184,0.8426966292134831,0.5356622998544396,0.8722325792311181,0.6279103535849704,0.11133300049925113,1500,280,39,184,2003,0.8251121076233184,0.7488789237668162,0.6233183856502242
5,ISIC2020_external,KNN,256,0.08464394299385018,0.8134613620378581,0.5712612503027588,0.32013769363166955,0.8223848069738481,0.057478368355995055,0.5802618408163879,0.04055507862058597,0.01776704076327941,26415,5705,395,186,32701,0.32013769363166955,0.24268502581755594,0.16006884681583478
5,HAM10000_test,Stacking,256,0.10674389999431422,0.7958062905641538,0.8400035269814078,0.8968609865470852,0.7831460674157303,0.49443757725587145,0.9211543306293142,0.6675746769579065,0.11133300049925113,1394,386,23,200,2003,0.8968609865470852,0.7847533632286996,0.6547085201793722
5,ISIC2020_external,Stacking,256,0.10674389999431422,0.7663374208739794,0.6140295481874125,0.45611015490533563,0.7719489414694894,0.06486354179415005,0.6583033611049786,0.05998769987916374,0.01776704076327941,24795,7325,316,265,32701,0.42168674698795183,0.2685025817555938,0.2099827882960413
5,HAM10000_test,SVM-RBF,512,0.03003416984244819,0.8487269096355466,0.8364374968509094,0.820627802690583,0.8522471910112359,0.547085201793722,0.9085327757343679,0.6796449572255991,0.11133300049925113,1517,263,40,183,2003,0.852017937219731,0.7757847533632287,0.6681614349775785
5,ISIC2020_external,SVM-RBF,512,0.03003416984244819,0.797620867863368,0.6172789271299752,0.43029259896729777,0.8042652552926526,0.07024445068839562,0.642426046473744,0.055962949894285005,0.01776704076327941,25833,6287,331,250,32701,0.43201376936316693,0.27710843373493976,0.2099827882960413
5,HAM10000_test,XGBoost,512,0.009381935000419617,0.8562156764852721,0.8563410087166826,0.8565022421524664,0.8561797752808988,0.5701492537313433,0.9177180430291731,0.6820549221311268,0.11133300049925113,1524,256,32,191,2003,0.8789237668161435,0.8026905829596412,0.6636771300448431
5,ISIC2020_external,XGBoost,512,0.009381935000419617,0.8762728968533072,0.605770154090834,0.3253012048192771,0.886239103362391,0.08544303797468354,0.6877219516743365,0.06152195801561037,0.01776704076327941,28466,3654,392,189,32701,0.47332185886402756,0.3080895008605852,0.2082616179001721
5,HAM10000_test,RandomForest,512,0.043333333333333335,0.7743384922616076,0.8338086360659042,0.9103139013452914,0.7573033707865169,0.4731934731934732,0.9233272031037435,0.6584633746762459,0.11133300049925113,1348,432,20,203,2003,0.8878923766816144,0.7533632286995515,0.6502242152466368
5,ISIC2020_external,RandomForest,512,0.043333333333333335,0.7574080303354638,0.608639075069179,0.45438898450946646,0.7628891656288916,0.06240397116180121,0.6562869874802536,0.058014050162317615,0.01776704076327941,24504,7616,317,264,32701,0.387263339070568,0.27710843373493976,0.20654044750430292
5,HAM10000_test,KNN,512,0.08519454092955873,0.8257613579630554,0.8333224164861188,0.8430493273542601,0.8235955056179776,0.5186206896551724,0.8760190456996021,0.6260095679037173,0.11133300049925113,1466,314,35,188,2003,0.8430493273542601,0.726457399103139,0.6188340807174888
5,ISIC2020_external,KNN,512,0.08519454092955873,0.7989663924650622,0.5647276885517519,0.3218588640275387,0.8075965130759651,0.05382843983880253,0.5738320476354806,0.0400141838967106,0.01776704076327941,25940,6180,394,187,32701,0.3218588640275387,0.2289156626506024,0.1566265060240964
5,HAM10000_test,Stacking,512,0.10333723909812158,0.7693459810284573,0.8309996473018593,0.9103139013452914,0.751685393258427,0.46774193548387094,0.9246611578576107,0.6711285526716367,0.11133300049925113,1338,442,20,203,2003,0.8923766816143498,0.7892376681614349,0.6681614349775785
5,ISIC2020_external,Stacking,512,0.10333723909812158,0.7447784471422892,0.6199554489082464,0.4905335628227194,0.7493773349937733,0.0639300134589502,0.6608481426149357,0.06139746727105666,0.01776704076327941,24070,8050,296,285,32701,0.4268502581755594,0.2857142857142857,0.2134251290877797
5,HAM10000_test,SVM-RBF,all,0.040926394911216815,0.8696954568147778,0.8403902353000454,0.8026905829596412,0.8780898876404495,0.5783521809369951,0.9108882954602711,0.6915590574925897,0.11133300049925113,1563,217,44,179,2003,0.8699551569506726,0.7847533632286996,0.672645739910314
5,ISIC2020_external,SVM-RBF,all,0.040926394911216815,0.8429100027522094,0.6183626160932647,0.3855421686746988,0.8511830635118306,0.0802148612354521,0.6729498674291544,0.060276990343121145,0.01776704076327941,27340,4780,357,224,32701,0.43029259896729777,0.29259896729776247,0.20654044750430292
5,HAM10000_test,XGBoost,all,0.004265426658093929,0.8242636045931103,0.8501310021665742,0.8834080717488789,0.8168539325842696,0.5281501340482574,0.9218017836448834,0.6861712455975717,0.11133300049925113,1454,326,26,197,2003,0.8834080717488789,0.7892376681614349,0.6412556053811659
5,ISIC2020_external,XGBoost,all,0.004265426658093929,0.8227577138313813,0.6199344701345857,0.40963855421686746,0.8302303860523038,0.07589285714285714,0.6830279309731365,0.06121582198828153,0.01776704076327941,26667,5453,343,238,32701,0.4612736660929432,0.2857142857142857,0.20654044750430292
5,HAM10000_test,RandomForest,all,0.09333333333333334,0.835746380429356,0.8467854083740616,0.8609865470852018,0.8325842696629213,0.5385694249649369,0.9230122940494786,0.658800410943633,0.11133300049925113,1482,298,31,192,2003,0.874439461883408,0.7892376681614349,0.6188340807174888
5,ISIC2020_external,RandomForest,all,0.09333333333333334,0.8898810433931684,0.5805865965195063,0.25989672977624784,0.9012764632627647,0.0773763771457853,0.6512741858735421,0.05833943565308308,0.01776704076327941,28949,3171,430,151,32701,0.3769363166953528,0.25989672977624784,0.20137693631669534
5,HAM10000_test,KNN,all,0.09163636793932702,0.8567149276085871,0.829164357333602,0.7937219730941704,0.8646067415730337,0.5522620904836193,0.8741736786416082,0.6466483987468512,0.11133300049925113,1539,241,46,177,2003,0.8430493273542601,0.7354260089686099,0.6143497757847534
5,ISIC2020_external,KNN,all,0.09163636793932702,0.8490871838781688,0.5623557742801842,0.26506024096385544,0.8596513075965131,0.05874499332443257,0.5697958976986045,0.041639174550108266,0.01776704076327941,27612,4508,427,154,32701,0.3098106712564544,0.21686746987951808,0.14629948364888123
5,HAM10000_test,Stacking,all,0.15115656530642793,0.8347478781827259,0.8462236106212526,0.8609865470852018,0.8314606741573034,0.5370629370629371,0.9225676424648561,0.6647342616556517,0.11133300049925113,1480,300,31,192,2003,0.874439461883408,0.7892376681614349,0.6547085201793722
5,ISIC2020_external,Stacking,all,0.15115656530642793,0.8704015167731873,0.5867260091781465,0.29259896729776247,0.8808530510585305,0.07426823940585409,0.6698644605106067,0.062099500070686625,0.01776704076327941,28293,3827,411,170,32701,0.43717728055077454,0.27710843373493976,0.21514629948364888
