,,balanced_accuracy,balanced_accuracy,sensitivity,sensitivity,specificity,specificity,accuracy,accuracy
,,mean,std,mean,std,mean,std,mean,std
classifier,k_features,,,,,,,,
KNN,256,0.5847539562269716,0.012650028551736392,0.2629948364888124,0.06325623184283441,0.9065130759651308,0.05874541737820548,0.8950796611724412,0.05667330846020064
KNN,512,0.5771587399232225,0.012427501632957161,0.2368330464716007,0.052862632270573244,0.9174844333748442,0.06236238569937266,0.9053912724381517,0.06039144609125925
KNN,all,0.5680421901089503,0.00609942928708869,0.22685025817555932,0.02725216655930789,0.9092341220423412,0.03713927696393792,0.897110180116816,0.03600760632727645
RandomForest,256,0.6277641074884844,0.024106783247997966,0.4337349397590361,0.10782414779551464,0.8217932752179328,0.08248333840408895,0.8148986269533042,0.0792875034460739
RandomForest,512,0.6303978679350027,0.02419125318530862,0.4409638554216867,0.1301357347925315,0.8198318804483188,0.09541749517957311,0.8131005168037675,0.0915184094437097
RandomForest,all,0.6187968901044492,0.030923326808377824,0.34492254733218586,0.0964592784096021,0.8926712328767124,0.04155949935104034,0.88293935965261,0.03928785407690035
SVM-RBF,256,0.5984259703821513,0.006582825409229332,0.31566265060240956,0.0482634102411968,0.881189290161893,0.039944005041474384,0.8711415553041192,0.03840048704925092
SVM-RBF,512,0.610331877233181,0.006727917904963885,0.4516351118760757,0.08397300907736233,0.7690286425902865,0.07592663635352652,0.7633894987920858,0.07309957838922194
SVM-RBF,all,0.6160513714705825,0.011979848535056839,0.3741824440619621,0.061078514966923236,0.857920298879203,0.04618290337490752,0.8493257086939238,0.04434653658162242
Stacking,256,0.6274446299697992,0.0199259170519007,0.4426850258175559,0.1042651442850059,0.8122042341220423,0.07539606470633796,0.8056389712852818,0.07229516830563744
Stacking,512,0.633708479175553,0.019503381279201742,0.4244406196213425,0.08337112040408126,0.8429763387297633,0.0694125559164107,0.8355401975474755,0.06687137888362465
Stacking,all,0.6183164788668998,0.03251271071858292,0.34939759036144574,0.10301891395280835,0.8872353673723538,0.046136294201537024,0.8776795816641693,0.0436849771869843
XGBoost,256,0.6268515067207096,0.020321156932213306,0.40206540447504296,0.09108065555750962,0.851637608966376,0.06655909059683769,0.8436500412831412,0.06390190269517947
XGBoost,512,0.6299962007789206,0.02882748955244755,0.4154905335628227,0.11007823278273958,0.8445018679950186,0.05349130298829386,0.8368796061282529,0.050606199150314474
XGBoost,all,0.631909277387079,0.014577328616945587,0.4051635111876076,0.03507557774121955,0.8586550435865504,0.025002500615467858,0.8505978410446163,0.024206433139099166
