classifier,k,AUROC,AUPRC,BAC,SEN,SPE,ACC,TP,FN,TN,FP,BAC_old_evalfitted,ACC_old_evalfitted,Sens@Sp80,Sens@Sp90,Sens@Sp95
XGBoost,all,0.9176890299745881,0.6787498562142827,0.8381982768139367,0.8589398023360287,0.8174567512918445,0.8220668996505243,956,157,7277,1625,0.8364594164308454,0.8350474288567149,0.8661275831087152,0.7466307277628033,0.6253369272237197
RandomForest,512,0.915794738475035,0.6552124284008487,0.8286495579397747,0.8616352201257862,0.7956638957537632,0.8029955067398902,959,154,7083,1819,0.8381437245292305,0.8331502745881179,0.8661275831087152,0.7412398921832885,0.6073674752920036
RandomForest,all,0.9157592618273492,0.6539445531657035,0.8334276012961743,0.8274932614555256,0.8393619411368232,0.8380429355966051,921,192,7472,1430,0.8374722419202566,0.8494258612081877,0.8661275831087152,0.7439353099730458,0.6046720575022462
XGBoost,512,0.9153041716298649,0.6776438762361137,0.838028362343441,0.87151841868823,0.804538305998652,0.8119820269595607,970,143,7162,1740,0.8382004972584576,0.837443834248627,0.8634321653189577,0.7475292003593891,0.6154537286612758
RandomForest,256,0.9131248053326195,0.6507647655218272,0.8255055094275028,0.8499550763701708,0.8010559424848349,0.8064902646030954,946,167,7131,1771,0.8374153682617331,0.8444333499750375,0.8616352201257862,0.7412398921832885,0.610062893081761
XGBoost,256,0.912397407893438,0.6715611899155045,0.8277537095048955,0.8364779874213837,0.8190294315884071,0.8209685471792312,931,182,7291,1611,0.835618523997858,0.8447329006490265,0.8616352201257862,0.7457322551662174,0.6136567834681043
SVM-RBF,all,0.899837059743886,0.6727012071132258,0.8288827046144673,0.7861635220125787,0.8716018872163559,0.8621068397403894,875,238,7759,1143,0.8309017951890234,0.8454318522216675,0.8508535489667565,0.7412398921832885,0.6244384546271339
SVM-RBF,512,0.8923932213462231,0.6530204262236627,0.815735048889142,0.8265947888589398,0.804875308919344,0.8072890664003994,920,193,7165,1737,0.8290508023576276,0.8596105841238143,0.8454627133872417,0.7358490566037735,0.6181491464510332
Stacking,all,0.8912128532247818,0.6562134610974292,0.828991910113176,0.8140161725067385,0.8439676477196135,0.8406390414378432,906,207,7513,1389,0.8346070105893,0.8394408387418871,0.8481581311769991,0.7538185085354897,0.6235399820305481
Stacking,512,0.8887553257866481,0.6522283544967147,0.8303922536361292,0.8481581311769991,0.8126263760952595,0.816575137294059,944,169,7234,1668,0.8340507892368192,0.8761857214178732,0.8472596585804133,0.7574123989218329,0.6163522012578616
Stacking,256,0.8878267762597339,0.6509761053290982,0.8303907396966832,0.8616352201257862,0.7991462592675803,0.8060908637044434,959,154,7114,1788,0.8331485822562663,0.8501248127808287,0.8436657681940701,0.7493261455525606,0.6127583108715184
SVM-RBF,256,0.8873442332936278,0.6426443032278828,0.8163052994138228,0.7502246181491464,0.8823859806784992,0.8676984523215178,835,278,7855,1047,0.8251179913939608,0.8449326010983524,0.8292902066486972,0.7349505840071878,0.6073674752920036
KNN,all,0.8491843802628322,0.6032208380966877,0.8076587875202137,0.7214734950584007,0.8938440799820265,0.8746879680479281,803,310,7957,945,0.8159654704728315,0.8475287069395906,0.7852650494159928,0.6990116801437556,0.5893980233602875
KNN,256,0.8403425197160335,0.6004634756000247,0.8137783830844114,0.7448337825696316,0.8827229835991912,0.8673989016475288,829,284,7858,1044,0.8156876625844803,0.8679980029955068,0.7502246181491464,0.7115902964959568,0.6019766397124887
KNN,512,0.8399544970360092,0.5981523251480123,0.8055805019133166,0.7223719676549866,0.8887890361716468,0.8702945581627559,804,309,7912,990,0.812204996282774,0.8597104343484773,0.7556154537286612,0.7070979335130279,0.5920934411500449
