split,class,size,n
test,benign,319x480,1
test,benign,480x480,5
test,benign,640x360,205
test,benign,640x425,15
test,benign,640x427,196
test,benign,640x428,1
test,benign,640x478,21
test,benign,640x480,106
test,malignant,402x480,1
test,malignant,480x480,1
test,malignant,493x480,1
test,malignant,510x480,1
test,malignant,550x480,16
test,malignant,560x480,1
test,malignant,571x480,1
test,malignant,576x480,1
test,malignant,588x480,1
test,malignant,636x480,2
test,malignant,639x480,18
test,malignant,640x414,1
test,malignant,640x418,1
test,malignant,640x421,3
test,malignant,640x423,10
test,malignant,640x424,13
test,malignant,640x425,229
test,malignant,640x426,27
test,malignant,640x427,6
test,malignant,640x428,24
test,malignant,640x429,2
test,malignant,640x430,3
test,malignant,640x431,1
test,malignant,640x432,1
test,malignant,640x448,2
test,malignant,640x469,1
test,malignant,640x478,1
test,malignant,640x479,1
test,malignant,640x480,180
train,benign,319x480,6
train,benign,320x480,4
train,benign,480x480,25
train,benign,640x360,1823
train,benign,640x425,136
train,benign,640x427,1753
train,benign,640x428,2
train,benign,640x478,148
train,benign,640x480,1303
train,malignant,319x480,2
train,malignant,480x480,2886
train,malignant,623x480,1
train,malignant,640x360,130
train,malignant,640x425,47
train,malignant,640x427,105
train,malignant,640x478,71
train,malignant,640x480,758
