,,,balanced_accuracy,balanced_accuracy,sensitivity,sensitivity,specificity,specificity,auroc,auroc,auprc,auprc,accuracy,accuracy
,,,mean,std,mean,std,mean,std,mean,std,mean,std,mean,std
dataset,k_features,classifier,,,,,,,,,,,,
HAM10000_test,128,KNN,0.7879248517830091,0.023083309743805125,0.7692724114248778,0.09782657830631923,0.8065772921411403,0.07492506198164253,0.8416165033535068,0.030391577175805033,0.5397019933350489,0.049449163421572385,0.8023964053919121,0.05713453548704601
HAM10000_test,128,RandomForest,0.8127476367902176,0.013517744013684387,0.8329657011271362,0.05685303018239889,0.7925295724532992,0.06227153743116756,0.901036833249387,0.008050575680267638,0.5776123189598896,0.03169224280593002,0.7970044932601098,0.04976131114168322
HAM10000_test,128,SVM-RBF,0.7974808183734095,0.012034544542471007,0.797038742778653,0.04886367364299661,0.7979228939681658,0.05058951342810158,0.8733683754799413,0.016473705783428844,0.5662431292804218,0.037930982426347216,0.7978032950574139,0.040260543917556846
HAM10000_test,128,Stacking,0.8084430991703891,0.016439663299766788,0.8213186280450854,0.06708387016342221,0.7955675702956929,0.0852851205770709,0.9019473289016389,0.008266240809036093,0.5886546130184278,0.032825838105310826,0.7984023964053919,0.06892269798004348
HAM10000_test,128,XGBoost,0.8073478372683901,0.014491786045557082,0.8554195451056437,0.058631863730539545,0.7592761294311364,0.04459207426196565,0.9023521281083493,0.010823254047089325,0.6022545811013063,0.030273721596888493,0.7699450823764353,0.03407999972030762
HAM10000_test,256,KNN,0.7945449437033669,0.018961849053714053,0.7557790974831333,0.09141059056972745,0.8333107899236005,0.07005491341043422,0.8528649050371744,0.024819097501648013,0.5446815812600542,0.04740038354116333,0.8246630054917624,0.05303813184166099
HAM10000_test,256,RandomForest,0.8120676855846064,0.01072009061155212,0.8383468670464186,0.06527347823827372,0.7857885041227943,0.060880700137037606,0.9031418345994103,0.0081391940847477,0.5789616073793625,0.02869847282380787,0.7916125811283076,0.04734276724933355
HAM10000_test,256,SVM-RBF,0.8088980531559471,0.011991384120015066,0.8167373651678584,0.017767651720177798,0.801058741144036,0.028111909082534543,0.8848971617549836,0.011790550160456268,0.5886245578610477,0.03831703025355721,0.8027958062905641,0.02399408262635186
HAM10000_test,256,Stacking,0.8109547718267326,0.018952516722066173,0.8446531733527249,0.056978105712628485,0.77725637030074,0.07649703101318713,0.9054499847741724,0.007505490708824861,0.5875460385286587,0.0288057448900574,0.7847229156265602,0.06253685812937848
HAM10000_test,256,XGBoost,0.8136433899830029,0.011506731836504198,0.8464388154971114,0.05611007233221963,0.7808479644688945,0.05786925229454306,0.9054556926120079,0.00730597252438003,0.6071800242733311,0.024489857396280956,0.7881178232651024,0.045789309401891264
HAM10000_test,512,KNN,0.7979878263428187,0.010822425581041512,0.7844624893952248,0.072053019354692,0.8115131632904126,0.06391037665310317,0.8542192883492309,0.022768987219802205,0.5528193831842201,0.04176356961567982,0.8084872690963556,0.049224124105206074
HAM10000_test,512,RandomForest,0.8169188936330396,0.00336959408988176,0.8715347634630145,0.03454030012714624,0.7623030238030648,0.0381460701046805,0.9063518494381366,0.007248508140827415,0.5891374947320228,0.026908306566518696,0.7744383424862706,0.030130953092789934
HAM10000_test,512,SVM-RBF,0.806626374753189,0.01257058837826055,0.8194885468428069,0.05439779072498509,0.7937642026635712,0.05481698992903269,0.8877199791316654,0.01002729827974427,0.5966285772240092,0.030004284691811947,0.7966050923614578,0.04340978229787065
HAM10000_test,512,Stacking,0.8213025410937164,0.012791995512997171,0.852716842402941,0.045836842859077125,0.7898882397844917,0.06209616082330479,0.9084123566720377,0.006208693158756082,0.602193792918144,0.027415141383990285,0.7968547179231154,0.050501718252582095
HAM10000_test,512,XGBoost,0.8142302686857656,0.01280567055022537,0.8428877307801075,0.07158643246291278,0.7855728065914238,0.0820012831068694,0.9049770963688821,0.006318588262582102,0.6056078796742002,0.020303224068362487,0.7919121318022966,0.06538169532465289
HAM10000_test,64,KNN,0.7835466456690316,0.015277337186119469,0.7673776915929382,0.06423544338035353,0.7997155997451248,0.06083918577482634,0.8284212788897533,0.02606476365519981,0.5225639358309264,0.05018732302647896,0.7961058412381428,0.047882552636829584
HAM10000_test,64,RandomForest,0.8072781569666094,0.011421614972326376,0.8455096351957339,0.033175971923461584,0.769046678737485,0.033802435761817705,0.8969727792788718,0.006543466704259769,0.5669626917788076,0.03570592565711522,0.7775336994508237,0.027330116928024194
HAM10000_test,64,SVM-RBF,0.7892062902983729,0.01633482570571816,0.7952086615763746,0.06068894261594587,0.783203919020371,0.05157112106476107,0.8660833708802936,0.01621981299739117,0.5321173129017379,0.05208293353871263,0.7845232151772341,0.04033421780010323
HAM10000_test,64,Stacking,0.8109188261019955,0.017221342240042927,0.8445925746374178,0.03214862829219261,0.7772450775665736,0.045805360909583946,0.8975820136059103,0.007318469919763874,0.5763318987571727,0.03621964382973816,0.7847229156265602,0.038455517923050304
HAM10000_test,64,XGBoost,0.8118771730754144,0.020516043242965475,0.8481921383266675,0.034156805190388814,0.7755622078241614,0.041855492828281264,0.8983770957057622,0.009432185302633093,0.5898084273596098,0.03395315513540529,0.7836245631552671,0.03575233004072824
HAM10000_test,all,KNN,0.8044845073859443,0.016509957099780075,0.7943158405041812,0.06262962939501766,0.8146531742677071,0.030102153032092058,0.8634523193116855,0.016372408922288608,0.5423945236404502,0.046907640611644104,0.8123814278582128,0.019868271201799004
HAM10000_test,all,RandomForest,0.8130211139522959,0.014005517702391224,0.8437361127944086,0.06471312455659194,0.782306115110183,0.06161029397358263,0.9042240650702649,0.008143100551045251,0.583513515337302,0.03702486494007569,0.7891163255117324,0.04838198763408268
HAM10000_test,all,SVM-RBF,0.8148791695231541,0.012182415475449505,0.8257746535773443,0.05701735349207333,0.8039836854689639,0.04255331574788178,0.8952768455622755,0.012419732100433137,0.6072108926354107,0.030236958571199363,0.8063904143784324,0.0320997723410344
HAM10000_test,all,Stacking,0.8127969195387095,0.016942477756883952,0.8257665737486365,0.056838553854674574,0.7998272653287826,0.054940384149829546,0.9026670720084018,0.012853994055302019,0.5968946247877553,0.0329103351090332,0.8026959560659013,0.04383742016587908
HAM10000_test,all,XGBoost,0.8137132965453725,0.014059035774537001,0.8455661939966873,0.07675704922569576,0.7818603990940577,0.07324388121958729,0.90696655282577,0.007585036440103898,0.6114536225211493,0.024556917627179452,0.7889166250624065,0.05726429487771689
ISIC2020_external,128,KNN,0.5767659947743294,0.02049040928260652,0.3239242685025817,0.06742068528658224,0.8296077210460773,0.06990915879014625,0.590135769907597,0.013045694396669213,0.04491750821358428,0.007591199539763972,0.820623222531421,0.06768526476148348
ISIC2020_external,128,RandomForest,0.6024361312890774,0.020506001982216124,0.33149741824440615,0.09533896185544788,0.8733748443337485,0.0830854816457631,0.6555943664356769,0.02676668760982416,0.0626029994914889,0.01153582290964385,0.8637472860157182,0.08008248856671954
ISIC2020_external,128,SVM-RBF,0.5821364268674055,0.02436886056252468,0.38450946643717726,0.05607952449481077,0.7797633872976338,0.07593304369209557,0.6118350237813021,0.04424238970849327,0.0493100972355981,0.010798766265197752,0.7727408947738601,0.07382211947739652
ISIC2020_external,128,Stacking,0.5968291079278866,0.020298305215054584,0.32667814113597243,0.11499341946590248,0.8669800747198007,0.10575961637904316,0.6523508711951524,0.0317762568219095,0.0629565916446706,0.01201260050591433,0.8573805082413382,0.10197130667552967
ISIC2020_external,128,XGBoost,0.6042374979369532,0.030466469237344456,0.3831325301204819,0.06692281953131352,0.8253424657534246,0.05048988202211258,0.6536795590117095,0.0368688170182427,0.06162545833058214,0.010824728160494505,0.817485703801107,0.04902050262855574
ISIC2020_external,256,KNN,0.5709465204707819,0.019647189946013548,0.28123924268502576,0.10214598097722291,0.860653798256538,0.09258421078783653,0.5854430459786129,0.014485829792613123,0.047846592641755,0.005842903853998325,0.8503593162288615,0.08926653641898157
ISIC2020_external,256,RandomForest,0.6075347609973786,0.02560193090402018,0.3383820998278829,0.09633498660484933,0.8766874221668743,0.07524464384324654,0.6667570513328889,0.025858179135310955,0.06620883442563352,0.012730782506801208,0.8671233295617871,0.07245882171584381
ISIC2020_external,256,SVM-RBF,0.5928253558621607,0.015630504683384557,0.3848537005163511,0.051323083477783644,0.8007970112079701,0.05147509505303047,0.6372560675007448,0.028521577025360324,0.058069788368416274,0.009497678305309214,0.7934069294516988,0.04982012599992225
ISIC2020_external,256,Stacking,0.6052631536642925,0.017606796202515877,0.35215146299483646,0.0919505293007026,0.8583748443337484,0.09401579960537632,0.661051660832978,0.029986732260687588,0.06754936024607508,0.011844781264820187,0.8493807528821747,0.09083051722553878
ISIC2020_external,256,XGBoost,0.6027357446151802,0.019430515386381592,0.34148020654044753,0.0711565139224308,0.8639912826899128,0.06318488561360415,0.6594825557344125,0.01782233164142566,0.06484966728338468,0.008902211089473908,0.8547078071007004,0.061005302809226836
ISIC2020_external,512,KNN,0.5711076899664125,0.027212054709942406,0.29913941480206535,0.08055371664456458,0.8430759651307597,0.07270028853268067,0.5846632303989128,0.023750551925001678,0.04666631668502498,0.006833529256351393,0.8334118222684321,0.07033813637007733
ISIC2020_external,512,RandomForest,0.6150688682500862,0.023523467895902622,0.37590361445783127,0.08939487965923266,0.8542341220423413,0.06699484521759812,0.6681047888404713,0.02006160264614301,0.06689767933476128,0.01055270492426311,0.845735604415767,0.06444842178710122
ISIC2020_external,512,SVM-RBF,0.6051696253078495,0.017032864954103992,0.4175559380378657,0.056383912275444224,0.7927833125778332,0.0756099780788818,0.6548380588713152,0.02798501810480316,0.061356450438508084,0.006947771129463597,0.7861166325188832,0.07335896323794622
ISIC2020_external,512,Stacking,0.6075560184163089,0.015385568381293327,0.3442340791738382,0.08535185093985732,0.8708779576587796,0.07940276172767144,0.664732923867682,0.022481409418359192,0.06877474378138163,0.009956983750238214,0.861521054402006,0.07657948597273667
ISIC2020_external,512,XGBoost,0.6047655200056586,0.015964024847506694,0.3487091222030981,0.11609985758949476,0.860821917808219,0.11197516880180444,0.6741003562372601,0.018709008315056112,0.06822257455728029,0.009500653345799054,0.8517231888933061,0.10800396419412465
ISIC2020_external,64,KNN,0.5808735529200952,0.018861801303160633,0.34010327022375214,0.06085364473855682,0.8216438356164384,0.08599325207279633,0.591117715837554,0.01928559236420606,0.04692790738045498,0.0075351340875678165,0.8130882847619338,0.08346695725533375
ISIC2020_external,64,RandomForest,0.6063817215133438,0.019703120583053988,0.3524956970740103,0.03849338150372933,0.8602677459526774,0.026166458370808315,0.6508663027845236,0.02750444706924449,0.05942728628337298,0.011370317993825103,0.8512461392617963,0.02550157126550734
ISIC2020_external,64,SVM-RBF,0.5849404610078814,0.026487508147702926,0.39621342512908775,0.07790311208798084,0.7736674968866749,0.09408611191755965,0.6158770788544679,0.03812792836193467,0.0449942517313236,0.012005448881596763,0.766961255007492,0.09127394515059385
ISIC2020_external,64,Stacking,0.6017749971599617,0.021531401340558767,0.3456110154905335,0.055759309628912984,0.8579389788293899,0.05580608655222077,0.6506724031868445,0.03507542837750128,0.061836166543970485,0.012531934088013598,0.8488364270205804,0.05412369207705048
ISIC2020_external,64,XGBoost,0.6033533404209258,0.019371370993631964,0.3528399311531841,0.08501954585355229,0.8538667496886674,0.0651241265488471,0.659748002863616,0.024668783917694007,0.06286528158464535,0.012009714943122404,0.8449649857802515,0.0626107290383145
ISIC2020_external,all,KNN,0.5638539052134529,0.026340403570240235,0.2822719449225473,0.05173700662120709,0.8454358655043587,0.040341429460072804,0.585421338440401,0.019391591459499438,0.04494546338502574,0.007894747053105234,0.8354301091709733,0.03929731886232309
ISIC2020_external,all,RandomForest,0.6015602795455082,0.016709833584365147,0.31049913941480206,0.0760230137459377,0.8926214196762142,0.06367772242057514,0.6753367642425243,0.02418212365310746,0.06789561476794483,0.011075292708565448,0.8822788293935965,0.061333019876516036
ISIC2020_external,all,SVM-RBF,0.6132919420074892,0.021464210452732245,0.4113597246127366,0.07993514262877237,0.8152241594022416,0.0552194495274495,0.6673599271664135,0.029661736027610058,0.06601991101229075,0.007354960340412983,0.8080486835264976,0.05302128846267658
ISIC2020_external,all,Stacking,0.6079504783053223,0.013856043987929539,0.31841652323580033,0.06713300046499172,0.8974844333748443,0.054548749421086444,0.6839407835933665,0.019250450383145875,0.07133140400377438,0.009057761960859617,0.8871961102106969,0.052488262580471554
ISIC2020_external,all,XGBoost,0.612441907819858,0.020796585892743837,0.3604130808950086,0.11652435160380936,0.8644707347447074,0.08665762962967788,0.6810434086461484,0.02403409140522168,0.06908085450957693,0.00818814165884939,0.8555151218617167,0.08313568471167647
