classifier,k,internal_lesion,internal_image,internal_delta,internal_ci_lo,internal_ci_hi,internal_p,external_lesion,external_image,external_delta,external_ci_lo,external_ci_hi,external_p,gap_lesion,gap_image,gap_widening
XGBoost,256,0.912397407893438,0.950603789329876,0.03820638143643795,0.029258952532469313,0.04751866294374593,0.0005,0.7150444332033704,0.7289428305643854,0.013898397361014947,0.0026828961745886865,0.02661888575919735,0.021,0.19735297469006763,0.22166095876549063,0.024307984075423006
RandomForest,256,0.9131248053326195,0.9460259392328929,0.03290113390027338,0.024110669693284067,0.0413123994521959,0.0005,0.7113979043732304,0.7317479846445022,0.02035008027127183,0.008868751966804561,0.031386858029176616,0.0005,0.20172690095938917,0.21427795458839072,0.012551053629001552
SVM-RBF,256,0.8873442332936278,0.9347262989247194,0.0473820656310916,0.03515487476664301,0.06042054305180992,0.0005,0.6696617996626248,0.6885181001536835,0.018856300491058686,0.003698699542694281,0.03375255365886271,0.014,0.21768243363100293,0.24620819877103584,0.02852576514003291
KNN,256,0.8403425197160335,0.8812865578527737,0.04094403813674019,0.023543429550425994,0.05682851899464967,0.0005,0.6320775630542094,0.6362037904330361,0.00412622737882673,-0.014286368060336726,0.02133587974284276,0.633,0.2082649566618241,0.24508276741973756,0.03681781075791346
Stacking,256,0.8878267762597339,0.9266714345666288,0.038844658306894875,0.024899006518224926,0.053974455490186396,0.0005,0.7073754723573176,0.7282762789282017,0.020900806570884112,0.009124475713077137,0.032387835226209846,0.0005,0.18045130390241637,0.19839515563842713,0.017943851736010763
XGBoost,512,0.9153041716298649,0.9502452380044015,0.034941066374536645,0.026179224691908812,0.04375996515479318,0.0005,0.7191757780097441,0.7263366131310511,0.007160835121307052,-0.004567372467542572,0.020350101781221742,0.246,0.1961283936201208,0.2239086248733504,0.027780231253229593
RandomForest,512,0.915794738475035,0.9488056834497955,0.03301094497476054,0.02529505245717049,0.0406278470757924,0.0005,0.7199508673369872,0.7377461187929087,0.017795251455921535,0.006779247938998948,0.02959809318522618,0.0005,0.1958438711380478,0.2110595646568868,0.015215693518839002
SVM-RBF,512,0.8923932213462231,0.9363677625367812,0.0439745411905581,0.030969985580146,0.056734589308199974,0.0005,0.677793847512448,0.6927344853529042,0.014940637840456183,0.00029184477775411614,0.03052995353098705,0.045,0.21459937383377514,0.24363327718387706,0.02903390335010192
KNN,512,0.8399544970360092,0.8876519667183627,0.047697469682353444,0.030989143981572348,0.06363099688691078,0.0005,0.6268406663480107,0.6370140051399336,0.010173338791922837,-0.007757172223946204,0.027737824714002837,0.265,0.2131138306879985,0.2506379615784291,0.03752413089043061
Stacking,512,0.8887553257866481,0.9304678900508543,0.04171256426420622,0.027459838274926457,0.05645637961208607,0.0005,0.7175880894151235,0.7347561746720024,0.01716808525687885,0.00554969629947189,0.029537003147750162,0.002,0.17116723637152453,0.1957117153788519,0.02454447900732737
XGBoost,all,0.9176890299745881,0.9508619160054284,0.03317288603084023,0.025245710048715564,0.0416253201574143,0.0005,0.7199198144651189,0.7296930829526967,0.009773268487577869,-0.0017636862001269404,0.022030386298022314,0.108,0.19776921550946924,0.2211688330527316,0.023399617543262363
RandomForest,all,0.9157592618273492,0.9489935128704028,0.03323425104305355,0.02574838690499611,0.04116089567901579,0.0005,0.7145453634498856,0.7332519456941804,0.018706582244294778,0.008346869577590144,0.02894771055626453,0.001,0.20121389837746362,0.2157415671762224,0.014527668798758775
SVM-RBF,all,0.899837059743886,0.9449460462260214,0.04510898648213546,0.033924263302396694,0.05677801312625108,0.0005,0.6946874135931737,0.7043494919010682,0.009662078307894562,-0.0021952065290309713,0.022229817042469735,0.12,0.2051496461507123,0.2405965543249532,0.0354469081742409
KNN,all,0.8491843802628322,0.904529969238769,0.05534558897593689,0.040306794032261256,0.06963485872033782,0.0005,0.6069046154373767,0.627450310046448,0.020545694609071297,0.004700108411486384,0.03659305388847085,0.014,0.24227976482545543,0.277079659192321,0.03479989436686559
Stacking,all,0.8912128532247818,0.9335249375096261,0.04231208428484423,0.029635040196321398,0.056071630370448336,0.0005,0.7188517992982427,0.7335688243098706,0.01471702501162786,0.003825122905962225,0.025778322960267733,0.006,0.1723610539265391,0.19995611319975548,0.02759505927321637
