scheme,fold,train_images,train_unique_lesions,train_melanoma_images,train_unique_melanoma_lesions,images_per_lesion
lesion,1,6795,5079,761,417,1.3378617838157119
lesion,2,6807,5079,750,415,1.340224453632605
lesion,3,6793,5079,772,428,1.3374680055128962
lesion,4,6816,5079,775,427,1.3419964559952746
lesion,5,6790,5079,745,414,1.336877338058673
image,1,6810,5558,757,512,1.2252608852105074
image,2,6810,5509,757,504,1.236159012524959
image,3,6810,5538,756,515,1.2296858071505958
image,4,6810,5573,756,505,1.2219630360667504
image,5,6810,5561,756,516,1.2245998921057364
