mirror,comparison,n_eval,n_eval_with_train_duplicate,pct
Fanconi_3297,test_vs_train,660,4,0.6060606060606061
Fanconi_3297,within_test,660,0,0.0
Fanconi_3297,within_train,2637,12,0.4550625711035267
Javid_10605,test_vs_train,1000,9,0.8999999999999999
Javid_10605,within_test,1000,2,0.2
Javid_10605,within_train,9605,64,0.6663196251952108
SkinCancerISIC_2357,test_vs_train,118,18,15.254237288135593
SkinCancerISIC_2357,within_test,118,0,0.0
SkinCancerISIC_2357,within_train,2239,283,12.639571237159448
ISIC19_20_malig_benign_11400,test_vs_train,1100,10,0.9090909090909091
ISIC19_20_malig_benign_11400,val_vs_train,1100,9,0.8181818181818182
ISIC19_20_malig_benign_11400,within_test,1100,6,0.5454545454545455
ISIC19_20_malig_benign_11400,within_train,9200,92,1.0
ISIC19_20_malig_benign_11400,within_val,1100,0,0.0
HAM_augmented_balanced,val_vs_train,938,0,0.0
HAM_augmented_balanced,within_train,38569,29,0.07518991936529337
HAM_augmented_balanced,within_val,938,0,0.0
