mirror,split,reference,match_mode,n_images,nn_median,n_d<=0,pct_d<=0,n_d<=5,pct_d<=5,n_d<=10,pct_d<=10,n_d<=15,pct_d<=15
Fanconi_3297,test,HAM10000,as_is,660,2.0,153,23.18181818181818,485,73.48484848484848,504,76.36363636363637,504,76.36363636363637
Fanconi_3297,train,HAM10000,as_is,2637,2.0,618,23.435722411831627,1911,72.46871444823664,1984,75.23701175578309,1984,75.23701175578309
Fanconi_3297,test,HAM10000,dihedral,660,2.0,153,23.18181818181818,485,73.48484848484848,504,76.36363636363637,504,76.36363636363637
Fanconi_3297,train,HAM10000,dihedral,2637,2.0,618,23.435722411831627,1911,72.46871444823664,1984,75.23701175578309,1984,75.23701175578309
Fanconi_3297,test,ISIC2020,as_is,660,86.0,0,0.0,2,0.30303030303030304,2,0.30303030303030304,2,0.30303030303030304
Fanconi_3297,train,ISIC2020,as_is,2637,88.0,1,0.037921880925293895,4,0.15168752370117558,4,0.15168752370117558,4,0.15168752370117558
Fanconi_3297,test,ISIC2020,dihedral,660,82.0,0,0.0,2,0.30303030303030304,2,0.30303030303030304,2,0.30303030303030304
Fanconi_3297,train,ISIC2020,dihedral,2637,82.0,1,0.037921880925293895,4,0.15168752370117558,4,0.15168752370117558,4,0.15168752370117558
Javid_10605,test,HAM10000,as_is,1000,88.0,0,0.0,0,0.0,0,0.0,0,0.0
Javid_10605,train,HAM10000,as_is,9605,88.0,318,3.3107756376887036,1079,11.233732431025507,1113,11.587714731910463,1113,11.587714731910463
Javid_10605,test,HAM10000,dihedral,1000,84.0,0,0.0,0,0.0,0,0.0,0,0.0
Javid_10605,train,HAM10000,dihedral,9605,82.0,318,3.3107756376887036,1079,11.233732431025507,1113,11.587714731910463,1113,11.587714731910463
Javid_10605,test,ISIC2020,as_is,1000,6.0,71,7.1,487,48.699999999999996,582,58.199999999999996,584,58.4
Javid_10605,train,ISIC2020,as_is,9605,6.0,706,7.350338365434669,4499,46.840187402394584,5481,57.064029151483595,5504,57.30348776678813
Javid_10605,test,ISIC2020,dihedral,1000,6.0,71,7.1,487,48.699999999999996,582,58.199999999999996,584,58.4
Javid_10605,train,ISIC2020,dihedral,9605,6.0,706,7.350338365434669,4499,46.840187402394584,5481,57.064029151483595,5504,57.30348776678813
SkinCancerISIC_2357,test,HAM10000,as_is,118,2.0,23,19.491525423728813,68,57.6271186440678,69,58.47457627118644,69,58.47457627118644
SkinCancerISIC_2357,train,HAM10000,as_is,2239,2.0,551,24.60920053595355,1413,63.108530594015185,1443,64.44841447074587,1443,64.44841447074587
SkinCancerISIC_2357,test,HAM10000,dihedral,118,2.0,23,19.491525423728813,68,57.6271186440678,69,58.47457627118644,69,58.47457627118644
SkinCancerISIC_2357,train,HAM10000,dihedral,2239,2.0,551,24.60920053595355,1413,63.108530594015185,1443,64.44841447074587,1443,64.44841447074587
SkinCancerISIC_2357,test,ISIC2020,as_is,118,88.0,0,0.0,0,0.0,0,0.0,0,0.0
SkinCancerISIC_2357,train,ISIC2020,as_is,2239,88.0,0,0.0,0,0.0,0,0.0,0,0.0
SkinCancerISIC_2357,test,ISIC2020,dihedral,118,83.0,0,0.0,0,0.0,0,0.0,0,0.0
SkinCancerISIC_2357,train,ISIC2020,dihedral,2239,84.0,0,0.0,0,0.0,0,0.0,0,0.0
ISIC19_20_malig_benign_11400,test,HAM10000,as_is,1100,88.0,0,0.0,0,0.0,0,0.0,0,0.0
ISIC19_20_malig_benign_11400,train,HAM10000,as_is,9200,88.0,219,2.380434782608696,553,6.010869565217392,559,6.076086956521739,559,6.076086956521739
ISIC19_20_malig_benign_11400,val,HAM10000,as_is,1100,53.0,206,18.72727272727273,532,48.36363636363637,544,49.45454545454545,544,49.45454545454545
ISIC19_20_malig_benign_11400,test,HAM10000,dihedral,1100,84.0,0,0.0,0,0.0,0,0.0,0,0.0
ISIC19_20_malig_benign_11400,train,HAM10000,dihedral,9200,84.0,219,2.380434782608696,553,6.010869565217392,559,6.076086956521739,559,6.076086956521739
ISIC19_20_malig_benign_11400,val,HAM10000,dihedral,1100,49.0,206,18.72727272727273,532,48.36363636363637,544,49.45454545454545,544,49.45454545454545
ISIC19_20_malig_benign_11400,test,ISIC2020,as_is,1100,8.0,98,8.90909090909091,489,44.45454545454545,557,50.63636363636363,557,50.63636363636363
ISIC19_20_malig_benign_11400,train,ISIC2020,as_is,9200,4.0,1294,14.065217391304346,5222,56.760869565217384,5782,62.84782608695652,5784,62.8695652173913
ISIC19_20_malig_benign_11400,val,ISIC2020,as_is,1100,26.0,135,12.272727272727273,495,45.0,550,50.0,550,50.0
ISIC19_20_malig_benign_11400,test,ISIC2020,dihedral,1100,8.0,98,8.90909090909091,489,44.45454545454545,557,50.63636363636363,557,50.63636363636363
ISIC19_20_malig_benign_11400,train,ISIC2020,dihedral,9200,4.0,1294,14.065217391304346,5222,56.760869565217384,5782,62.84782608695652,5784,62.8695652173913
ISIC19_20_malig_benign_11400,val,ISIC2020,dihedral,1100,24.0,135,12.272727272727273,495,45.0,550,50.0,550,50.0
HAM_augmented_balanced,train,HAM10000,as_is,38569,88.0,3198,8.291633176903732,8857,22.96403847649667,9077,23.534444761336825,9077,23.534444761336825
HAM_augmented_balanced,val,HAM10000,as_is,938,2.0,291,31.023454157782517,911,97.12153518123668,938,100.0,938,100.0
HAM_augmented_balanced,train,HAM10000,dihedral,38569,82.0,3198,8.291633176903732,8857,22.96403847649667,9077,23.534444761336825,9077,23.534444761336825
HAM_augmented_balanced,val,HAM10000,dihedral,938,2.0,291,31.023454157782517,911,97.12153518123668,938,100.0,938,100.0
HAM_augmented_balanced,train,ISIC2020,as_is,38569,88.0,0,0.0,0,0.0,0,0.0,0,0.0
HAM_augmented_balanced,val,ISIC2020,as_is,938,88.0,0,0.0,0,0.0,0,0.0,0,0.0
HAM_augmented_balanced,train,ISIC2020,dihedral,38569,84.0,0,0.0,0,0.0,0,0.0,0,0.0
HAM_augmented_balanced,val,ISIC2020,dihedral,938,84.0,0,0.0,0,0.0,0,0.0,0,0.0
