repeat,model,test,n,n_melanoma,auroc
0,CONFOUNDED,T_confounded,692,346.0,0.9944785993517993
0,CONFOUNDED,T_ISIC,9534,179.0,0.7390156729141348
0,CONFOUNDED,T_HAM,3012,346.0,0.811473099488745
0,CONTROL,T_confounded,692,346.0,0.847697884994487
0,CONTROL,T_ISIC,9534,179.0,0.8562063127595855
0,CONTROL,T_HAM,3012,346.0,0.8514650338885299
0,SOURCE,T_source,6024,,0.9905135434358184
1,CONFOUNDED,T_confounded,686,343.0,0.9917891354792646
1,CONFOUNDED,T_ISIC,9952,164.0,0.7109888165698167
1,CONFOUNDED,T_HAM,3051,343.0,0.7846113017901822
1,CONTROL,T_confounded,686,343.0,0.9057365553468368
1,CONTROL,T_ISIC,9952,164.0,0.8435453566836445
1,CONTROL,T_HAM,3051,343.0,0.8623611715207291
1,SOURCE,T_source,6102,,0.9917640685211452
2,CONFOUNDED,T_confounded,614,307.0,0.9963607040923511
2,CONFOUNDED,T_ISIC,9416,172.0,0.7272052016141206
2,CONFOUNDED,T_HAM,3045,307.0,0.8196042904423924
2,CONTROL,T_confounded,614,307.0,0.9063968848475845
2,CONTROL,T_ISIC,9416,172.0,0.8587644531210692
2,CONTROL,T_HAM,3045,307.0,0.8628721599493676
2,SOURCE,T_source,6090,,0.9905899196777403
3,CONFOUNDED,T_confounded,698,349.0,0.9937931544075993
3,CONFOUNDED,T_ISIC,9847,172.0,0.7403214951024577
3,CONFOUNDED,T_HAM,3030,349.0,0.8128985784502853
3,CONTROL,T_confounded,698,349.0,0.9033341269776111
3,CONTROL,T_ISIC,9847,172.0,0.8659786070548645
3,CONTROL,T_HAM,3030,349.0,0.8747655420880674
3,SOURCE,T_source,6060,,0.9905047435436614
4,CONFOUNDED,T_confounded,700,350.0,0.9958857142857143
4,CONFOUNDED,T_ISIC,9851,178.0,0.7460085236677558
4,CONFOUNDED,T_HAM,3015,350.0,0.8343559367461807
4,CONTROL,T_confounded,700,350.0,0.8983510204081633
4,CONTROL,T_ISIC,9851,178.0,0.8531258675544229
4,CONTROL,T_HAM,3015,350.0,0.8658257839721254
4,SOURCE,T_source,6030,,0.9923421037433066
