split,classifier,k_features,dataset,auroc,auprc,sens_at_spec80,sens_at_spec90,sens_at_spec95
image,SVM-RBF,256,ISIC2020_external_ENSEMBLE,0.6885181001536835,0.07436523882159883,0.49225473321858865,0.35800344234079173,0.24096385542168675
image,XGBoost,256,ISIC2020_external_ENSEMBLE,0.7289428305643854,0.0883799597521406,0.5421686746987951,0.3993115318416523,0.2633390705679862
image,RandomForest,256,ISIC2020_external_ENSEMBLE,0.7317479846445022,0.09322891818936772,0.5524956970740104,0.42857142857142855,0.27882960413080893
image,KNN,256,ISIC2020_external_ENSEMBLE,0.6362037904330361,0.07205744402577091,0.39414802065404475,0.33907056798623064,0.23235800344234078
image,Stacking,256,ISIC2020_external_ENSEMBLE,0.7282762789282017,0.08717928520345317,0.5542168674698795,0.4027538726333907,0.270223752151463
image,SVM-RBF,512,ISIC2020_external_ENSEMBLE,0.6927344853529042,0.076627940865505,0.4905335628227194,0.3459552495697074,0.2547332185886403
image,XGBoost,512,ISIC2020_external_ENSEMBLE,0.7263366131310511,0.08732742448839283,0.540447504302926,0.3889845094664372,0.25817555938037867
image,RandomForest,512,ISIC2020_external_ENSEMBLE,0.7377461187929087,0.0920429685036759,0.5593803786574871,0.4199655765920826,0.28399311531841653
image,KNN,512,ISIC2020_external_ENSEMBLE,0.6370140051399336,0.06917622109008917,0.4079173838209983,0.31497418244406195,0.21514629948364888
image,Stacking,512,ISIC2020_external_ENSEMBLE,0.7347561746720024,0.08672907440818105,0.5593803786574871,0.40619621342512907,0.2685025817555938
image,SVM-RBF,all,ISIC2020_external_ENSEMBLE,0.7043494919010682,0.07927660978792406,0.504302925989673,0.3717728055077453,0.2547332185886403
image,XGBoost,all,ISIC2020_external_ENSEMBLE,0.7296930829526967,0.08807200375401597,0.5387263339070568,0.3958691910499139,0.2633390705679862
image,RandomForest,all,ISIC2020_external_ENSEMBLE,0.7332519456941804,0.09049530317838222,0.5628227194492255,0.4199655765920826,0.28055077452667815
image,KNN,all,ISIC2020_external_ENSEMBLE,0.627450310046448,0.061308546308783615,0.4268502581755594,0.2891566265060241,0.19965576592082615
image,Stacking,all,ISIC2020_external_ENSEMBLE,0.7335688243098706,0.08723910484579264,0.5611015490533563,0.41308089500860584,0.27710843373493976
