split,classifier,k_features,dataset,threshold_source,auroc,auprc,balanced_accuracy,sensitivity,specificity,accuracy,n_leaked_images,pct_leaked_images,sens_at_spec80,sens_at_spec90,sens_at_spec95,auroc_leaked_subset,auroc_clean_subset
image,SVM-RBF,256,HAM10000_OOF,per-fold inner validation,0.9347262989247194,0.7676848214583589,0.873696725227863,0.8517520215633423,0.8956414288923837,0.890763854218672,3462,34.5681477783325,0.9101527403414196,0.8526504941599281,0.7744833782569631,0.9475836669908512,0.9059008159269427
image,XGBoost,256,HAM10000_OOF,per-fold inner validation,0.950603789329876,0.7924766979236847,0.8791413056577129,0.8840970350404312,0.8741855762749944,0.8752870693959062,3462,34.5681477783325,0.9362084456424079,0.8580413297394429,0.7690925426774483,0.9510344435603045,0.9390140667083842
image,RandomForest,256,HAM10000_OOF,per-fold inner validation,0.9460259392328929,0.7800492813503369,0.8739744321869178,0.8796046720575023,0.8683441923163334,0.8695956065901148,3462,34.5681477783325,0.9290206648697215,0.8571428571428571,0.7493261455525606,0.9431200767096527,0.9368039156576061
image,KNN,256,HAM10000_OOF,per-fold inner validation,0.8812865578527737,0.722691631796875,0.8628086745904239,0.7771787960467206,0.9484385531341272,0.9294058911632551,3462,34.5681477783325,0.7924528301886793,0.7924528301886793,0.7699910152740341,0.9145139441476261,0.8241779448507077
image,Stacking,256,HAM10000_OOF,per-fold inner validation,0.9266714345666288,0.7794732892271445,0.8794229488593274,0.8769092542677448,0.8819366434509099,0.8813779331003495,3462,34.5681477783325,0.9065588499550764,0.8562443845462714,0.7717879604672058,0.9357514556730199,0.9035439304871049
image,SVM-RBF,512,HAM10000_OOF,per-fold inner validation,0.9363677625367812,0.7759332445497007,0.8733035551537224,0.8517520215633423,0.8948550887441025,0.890064902646031,3462,34.5681477783325,0.912848158131177,0.8508535489667565,0.77088948787062,0.9480283682568552,0.9102602165959449
image,XGBoost,512,HAM10000_OOF,per-fold inner validation,0.9502452380044015,0.7918421308315576,0.8772874868060178,0.8867924528301887,0.8677825207818468,0.8698951572641038,3462,34.5681477783325,0.9353099730458221,0.8643306379155435,0.7699910152740341,0.9496956032991044,0.939805404697632
image,RandomForest,512,HAM10000_OOF,per-fold inner validation,0.9488056834497955,0.7832724493996133,0.8764459887972518,0.8778077268643306,0.875084250730173,0.8753869196205691,3462,34.5681477783325,0.9326145552560647,0.8535489667565139,0.7646001796945193,0.9458022305583974,0.9403310601873633
image,KNN,512,HAM10000_OOF,per-fold inner validation,0.8876519667183627,0.7345492693864827,0.8629205042508392,0.7816711590296496,0.9441698494720288,0.926110833749376,3462,34.5681477783325,0.8059299191374663,0.8059299191374663,0.7717879604672058,0.9226890796104733,0.8286368812985404
image,Stacking,512,HAM10000_OOF,per-fold inner validation,0.9304678900508543,0.7830476702560712,0.8815549793165594,0.8975741239892183,0.8655358346439003,0.8690963554667998,3462,34.5681477783325,0.912848158131177,0.8526504941599281,0.7852650494159928,0.9385964912280702,0.9091103214225357
image,SVM-RBF,all,HAM10000_OOF,per-fold inner validation,0.9449460462260214,0.797714928706924,0.8763349665712077,0.8661275831087152,0.8865423500337003,0.8842735896155767,3462,34.5681477783325,0.9245283018867925,0.862533692722372,0.779874213836478,0.9535284545657401,0.9241379402221988
image,XGBoost,all,HAM10000_OOF,per-fold inner validation,0.9508619160054284,0.790962395920257,0.880039879183595,0.8849955076370171,0.875084250730173,0.8761857214178732,3462,34.5681477783325,0.9371069182389937,0.8661275831087152,0.766397124887691,0.949261427506852,0.9422578292597888
image,RandomForest,all,HAM10000_OOF,per-fold inner validation,0.9489935128704028,0.7811979848417964,0.8722905278057184,0.8697214734950584,0.8748595821163784,0.874288567149276,3462,34.5681477783325,0.9281221922731356,0.8517520215633423,0.7556154537286612,0.9447357369305193,0.941966834602367
image,KNN,all,HAM10000_OOF,per-fold inner validation,0.904529969238769,0.7555167632030775,0.8727468291547595,0.8077268643306379,0.9377667939788812,0.9233150274588118,3462,34.5681477783325,0.8445642407906558,0.8445642407906558,0.788858939802336,0.9322641030822797,0.8570234196458887
image,Stacking,all,HAM10000_OOF,per-fold inner validation,0.9335249375096261,0.79318786372931,0.8788594605975055,0.8930817610062893,0.8646371601887216,0.8677983025461807,3462,34.5681477783325,0.9191374663072777,0.8634321653189577,0.7852650494159928,0.94077000155777,0.9136227369408297
