dataset,split,fold,classifier,k_features,threshold,threshold_source,accuracy,balanced_accuracy,sensitivity,specificity,f1_melanoma,auroc,auprc,prevalence,tn,fp,fn,tp,n_samples,sens_at_spec80,sens_at_spec90,sens_at_spec95,auroc_leaked_subset,auroc_clean_subset
HAM10000_test,image,1,SVM-RBF,256,0.010769861731957738,inner_validation,0.8741887169246131,0.8602503401773475,0.8423423423423423,0.8781583380123527,0.597444089456869,0.9350223328325519,0.7283098546951556,0.1108337493759361,1564,217,35,187,2003,0.9009009009009009,0.8288288288288288,0.7432432432432432,0.9300186905761573,0.9285476718403548
ISIC2020_external,image,1,SVM-RBF,256,0.010769861731957738,inner_validation,0.8626035901042781,0.6064170398012616,0.3407917383820998,0.8720423412204235,0.08099815913274698,0.6461829349063215,0.05172893377439938,0.01776704076327941,28010,4110,383,198,32701,0.4268502581755594,0.29259896729776247,0.20137693631669534,,
HAM10000_test,image,1,XGBoost,256,0.0028649347368627787,inner_validation,0.8741887169246131,0.8740509178465383,0.8738738738738738,0.8742279618192027,0.60625,0.9504453920512315,0.7726697786453378,0.1108337493759361,1557,224,28,194,2003,0.9234234234234234,0.8468468468468469,0.7477477477477478,0.9368854457296096,0.9495565410199557
ISIC2020_external,image,1,XGBoost,256,0.0028649347368627787,inner_validation,0.8895752423473289,0.610851598887991,0.3218588640275387,0.8998443337484433,0.09385194479297365,0.6826359253059203,0.06487871029758156,0.01776704076327941,28903,3217,394,187,32701,0.4629948364888124,0.3218588640275387,0.2134251290877797,,
HAM10000_test,image,1,RandomForest,256,0.07333333333333333,inner_validation,0.8592111832251622,0.8656286831469313,0.8738738738738738,0.8573834924199888,0.5791044776119403,0.9389337400286305,0.7457287699644013,0.1108337493759361,1527,254,28,194,2003,0.9054054054054054,0.8378378378378378,0.7297297297297297,0.9191768020153317,0.9410846267553585
ISIC2020_external,image,1,RandomForest,256,0.07333333333333333,inner_validation,0.8704626769823552,0.6222479224851729,0.3648881239242685,0.8796077210460772,0.09098712446351931,0.6874901670371218,0.06303389834489434,0.01776704076327941,28253,3867,369,212,32701,0.46815834767641995,0.3270223752151463,0.22203098106712565,,
HAM10000_test,image,1,KNN,256,0.08882736741536779,inner_validation,0.9231153270094857,0.8542472849042192,0.7657657657657657,0.9427288040426727,0.6882591093117408,0.8789563004891472,0.6950034281252195,0.1108337493759361,1679,102,52,170,2003,0.7927927927927928,0.7927927927927928,0.7522522522522522,0.8907143050627082,0.8568643754619364
ISIC2020_external,image,1,KNN,256,0.08882736741536779,inner_validation,0.9282590746460353,0.557871782450921,0.1738382099827883,0.9419053549190536,0.07927786499215071,0.5609939491108001,0.03859601737695535,0.01776704076327941,30254,1866,480,101,32701,0.18072289156626506,0.18072289156626506,0.16006884681583478,,
HAM10000_test,image,1,Stacking,256,0.047615576089788676,inner_validation,0.8841737393909136,0.8757227187884122,0.8648648648648649,0.8865805727119596,0.6233766233766234,0.9443651961900137,0.7680318926300048,0.1108337493759361,1579,202,30,192,2003,0.9144144144144144,0.8468468468468469,0.7387387387387387,0.9298019882438984,0.9439855875831485
ISIC2020_external,image,1,Stacking,256,0.047615576089788676,inner_validation,0.893825876884499,0.6113253226390708,0.31841652323580033,0.9042341220423412,0.09630400832899531,0.6830579925108725,0.06131850919851176,0.01776704076327941,29044,3076,396,185,32701,0.4612736660929432,0.3253012048192771,0.2134251290877797,,
HAM10000_test,image,1,SVM-RBF,512,0.04138374678588995,inner_validation,0.909136295556665,0.8562440879959128,0.7882882882882883,0.9241998877035373,0.6578947368421053,0.9350678584255226,0.7307586448988573,0.1108337493759361,1646,135,47,175,2003,0.9099099099099099,0.8108108108108109,0.7477477477477478,0.9253054148495273,0.9361788617886179
ISIC2020_external,image,1,SVM-RBF,512,0.04138374678588995,inner_validation,0.9232439374942663,0.5772893388176439,0.21858864027538727,0.9359900373599004,0.0918958031837916,0.648989241077457,0.05287634445121387,0.01776704076327941,30064,2056,454,127,32701,0.42168674698795183,0.2874354561101549,0.20137693631669534,,
HAM10000_test,image,1,XGBoost,512,0.004105437081307173,inner_validation,0.8811782326510235,0.8740382718484909,0.8648648648648649,0.8832116788321168,0.617363344051447,0.9481235868097182,0.7649645751411308,0.1108337493759361,1573,208,30,192,2003,0.9234234234234234,0.8243243243243243,0.7387387387387387,0.9324701357098356,0.9500461936437545
ISIC2020_external,image,1,XGBoost,512,0.004105437081307173,inner_validation,0.8979847711079172,0.6100623093691256,0.31153184165232356,0.9085927770859278,0.09789075175770687,0.6872379930681631,0.06483144363112324,0.01776704076327941,29184,2936,400,181,32701,0.4664371772805508,0.31841652323580033,0.2134251290877797,,
HAM10000_test,image,1,RandomForest,512,0.07333333333333333,inner_validation,0.8517224163754369,0.8653605879883253,0.8828828828828829,0.8478382930937676,0.5689404934687954,0.9447369885326089,0.7486232834595601,0.1108337493759361,1510,271,26,196,2003,0.9099099099099099,0.8198198198198198,0.7252252252252253,0.92292168919468,0.9493209534368072
ISIC2020_external,image,1,RandomForest,512,0.07333333333333333,inner_validation,0.8622060487446868,0.6273401379937111,0.3838209982788296,0.8708592777085927,0.09006462035541195,0.6966301605639781,0.06253891364375429,0.01776704076327941,27972,4148,358,223,32701,0.48881239242685026,0.31669535283993117,0.21514629948364888,,
HAM10000_test,image,1,KNN,512,0.09568556794003891,inner_validation,0.9350973539690465,0.8412699617079179,0.7207207207207207,0.9618192026951151,0.7111111111111111,0.8852767703132667,0.7018432682526272,0.1108337493759361,1713,68,62,160,2003,0.8063063063063063,0.8063063063063063,0.7432432432432432,0.8920483787956768,0.8718680709534369
ISIC2020_external,image,1,KNN,512,0.09568556794003891,inner_validation,0.9533653405094645,0.546146443093134,0.12392426850258176,0.9683686176836862,0.08627920910724984,0.5609403098964084,0.041030044838430604,0.01776704076327941,31104,1016,509,72,32701,0.18416523235800344,0.18416523235800344,0.153184165232358,,
HAM10000_test,image,1,Stacking,512,0.05637494887435812,inner_validation,0.8801797304043935,0.8695337673439864,0.8558558558558559,0.8832116788321168,0.6129032258064516,0.9486471311288829,0.7673040525259102,0.1108337493759361,1573,208,32,190,2003,0.918918918918919,0.8288288288288288,0.7477477477477478,0.9304656391364413,0.9528640059127864
ISIC2020_external,image,1,Stacking,512,0.05637494887435812,inner_validation,0.9041619522338766,0.6047565819227809,0.2943201376936317,0.9151930261519302,0.09838895281933256,0.6912636670146161,0.06309095803994029,0.01776704076327941,29396,2724,410,171,32701,0.4802065404475043,0.31669535283993117,0.21686746987951808,,
HAM10000_test,image,1,SVM-RBF,all,0.04334876718146563,inner_validation,0.9131303045431852,0.8683475727271348,0.8108108108108109,0.9258843346434588,0.6741573033707865,0.9391196361999282,0.7640251527227057,0.1108337493759361,1649,132,42,180,2003,0.9054054054054054,0.8378378378378378,0.7297297297297297,0.9320367310453178,0.9348669623059866
ISIC2020_external,image,1,SVM-RBF,all,0.04334876718146563,inner_validation,0.9214397113238127,0.5882011679523645,0.24268502581755594,0.9337173100871731,0.09891266222378113,0.6672989145695037,0.06640275117421442,0.01776704076327941,29991,2129,440,141,32701,0.47676419965576594,0.3218588640275387,0.22375215146299485,,
HAM10000_test,image,1,XGBoost,all,0.0063616507686674595,inner_validation,0.8896655017473789,0.8788108715116014,0.8648648648648649,0.892756878158338,0.6347107438016529,0.9463329134861982,0.7655742882937542,0.1108337493759361,1590,191,30,192,2003,0.918918918918919,0.8243243243243243,0.7387387387387387,0.9325920307717311,0.9443181818181818
ISIC2020_external,image,1,XGBoost,all,0.0063616507686674595,inner_validation,0.9041619522338766,0.5988414519133285,0.2822719449225473,0.9154109589041096,0.09474292316580012,0.6820807246063063,0.06356642344846311,0.01776704076327941,29403,2717,417,164,32701,0.4629948364888124,0.31497418244406195,0.21686746987951808,,
HAM10000_test,image,1,RandomForest,all,0.13333333333333333,inner_validation,0.8846729905142287,0.8661459044670723,0.8423423423423423,0.8899494665918024,0.6181818181818182,0.941806910785013,0.7403702587920086,0.1108337493759361,1585,196,35,187,2003,0.9009009009009009,0.8333333333333334,0.7387387387387387,0.9216214752011268,0.9449972283813748
ISIC2020_external,image,1,RandomForest,all,0.13333333333333333,inner_validation,0.9109507354515153,0.6056773169890021,0.2891566265060241,0.9221980074719801,0.10344827586206896,0.6910735184109503,0.06453879731843376,0.01776704076327941,29621,2499,413,168,32701,0.4853700516351119,0.3304647160068847,0.22203098106712565,,
HAM10000_test,image,1,KNN,all,0.08894786308456337,inner_validation,0.9121318022965552,0.8697576015094264,0.8153153153153153,0.9241998877035373,0.6728624535315985,0.8933310064696925,0.7101403586468868,0.1108337493759361,1646,135,41,181,2003,0.8288288288288288,0.8288288288288288,0.7477477477477478,0.9049286236693124,0.8706485587583148
ISIC2020_external,image,1,KNN,all,0.08894786308456337,inner_validation,0.9014403229259044,0.5568951307810855,0.19965576592082615,0.914134495641345,0.06714905933429811,0.5608958070317205,0.04103622380362654,0.01776704076327941,29362,2758,465,116,32701,0.20654044750430292,0.20654044750430292,0.13941480206540446,,
HAM10000_test,image,1,Stacking,all,0.078174252037518,inner_validation,0.8921617573639541,0.8683855107212771,0.8378378378378378,0.8989331836047164,0.6326530612244898,0.9467755234178592,0.7651083272015519,0.1108337493759361,1601,180,36,186,2003,0.9099099099099099,0.8378378378378378,0.7612612612612613,0.929842619931197,0.9493440502586844
ISIC2020_external,image,1,Stacking,all,0.078174252037518,inner_validation,0.9175560380416501,0.6073496708770681,0.2857142857142857,0.9289850560398506,0.1096433289299868,0.6888096595597835,0.06663873294891515,0.01776704076327941,29839,2281,415,166,32701,0.4802065404475043,0.3287435456110155,0.2306368330464716,,
HAM10000_test,image,2,SVM-RBF,256,0.012502082827835858,inner_validation,0.8866699950074888,0.8810694467628775,0.8738738738738738,0.888265019651881,0.6308943089430894,0.9452301824564597,0.7851211510967249,0.1108337493759361,1582,199,28,194,2003,0.9414414414414415,0.8648648648648649,0.7792792792792793,0.9597907813010788,0.9173148042243318
ISIC2020_external,image,2,SVM-RBF,256,0.012502082827835858,inner_validation,0.8731231460811596,0.6354324788926209,0.3889845094664372,0.8818804483188045,0.09823951314931537,0.6841621779771639,0.08047667192941292,0.01776704076327941,28326,3794,355,226,32701,0.49569707401032703,0.3648881239242685,0.26506024096385544,,
HAM10000_test,image,2,XGBoost,256,0.011469554156064987,inner_validation,0.9021467798302546,0.8700573116631511,0.8288288288288288,0.9112857944974734,0.6524822695035462,0.9548967833639367,0.7759392679060432,0.1108337493759361,1623,158,38,184,2003,0.9594594594594594,0.8423423423423423,0.7567567567567568,0.9579110820529585,0.9436120324831294
ISIC2020_external,image,2,XGBoost,256,0.011469554156064987,inner_validation,0.9180758998195774,0.6312748235425245,0.33390705679862304,0.9286425902864259,0.12650798826214543,0.7272163819840829,0.09833236283076527,0.01776704076327941,29828,2292,387,194,32701,0.5593803786574871,0.39070567986230637,0.2874354561101549,,
HAM10000_test,image,2,RandomForest,256,0.13666666666666666,inner_validation,0.908137793310035,0.8635686500650004,0.8063063063063063,0.9208309938236946,0.6605166051660517,0.9483410979761345,0.7614170776659346,0.1108337493759361,1640,141,43,179,2003,0.9369369369369369,0.8333333333333334,0.7432432432432432,0.9443036940176529,0.9399519615692553
ISIC2020_external,image,2,RandomForest,256,0.13666666666666666,inner_validation,0.9236720589584416,0.6358135530915692,0.3373493975903614,0.934277708592777,0.13573407202216067,0.7340056275627327,0.09789278343255,0.01776704076327941,30009,2111,385,196,32701,0.5576592082616179,0.4079173838209983,0.2908777969018933,,
HAM10000_test,image,2,KNN,256,0.08851176664970088,inner_validation,0.9241138292561158,0.8942389891295002,0.8558558558558559,0.9326221224031443,0.7142857142857143,0.9155474958394666,0.7443612321280417,0.1108337493759361,1661,120,32,190,2003,0.8693693693693694,0.8693693693693694,0.7837837837837838,0.936526097853329,0.8777498189027413
ISIC2020_external,image,2,KNN,256,0.08851176664970088,inner_validation,0.9129996024586404,0.6050302437288739,0.2857142857142857,0.924346201743462,0.10450110166824048,0.6101979613883395,0.06154859816648928,0.01776704076327941,29690,2430,415,166,32701,0.2908777969018933,0.2908777969018933,0.23235800344234078,,
HAM10000_test,image,2,Stacking,256,0.08970659365884426,inner_validation,0.9016475287069395,0.8678050594108988,0.8243243243243243,0.9112857944974734,0.650088809946714,0.9553090429002838,0.7886832108388955,0.1108337493759361,1623,158,39,183,2003,0.9504504504504504,0.8468468468468469,0.7657657657657657,0.9574752097635393,0.9438121926112318
ISIC2020_external,image,2,Stacking,256,0.08970659365884426,inner_validation,0.911806978379866,0.6373788696861812,0.3528399311531842,0.9219178082191781,0.12446873102610807,0.7297881438581224,0.09650932579100469,0.01776704076327941,29612,2508,376,205,32701,0.5559380378657487,0.3924268502581756,0.2874354561101549,,
HAM10000_test,image,2,SVM-RBF,512,0.03079406734928952,inner_validation,0.91063404892661,0.878772933517459,0.8378378378378378,0.9197080291970803,0.6751361161524501,0.9408066123394591,0.7753114757116719,0.1108337493759361,1638,143,36,186,2003,0.9324324324324325,0.8693693693693694,0.7522522522522522,0.9586193745232646,0.9099660680925692
ISIC2020_external,image,2,SVM-RBF,512,0.03079406734928952,inner_validation,0.9093299899085655,0.6242877130296671,0.3287435456110155,0.9198318804483188,0.1141320585599044,0.6910131006145199,0.08196013326114483,0.01776704076327941,29545,2575,390,191,32701,0.4974182444061962,0.36316695352839934,0.26161790017211706,,
HAM10000_test,image,2,XGBoost,512,0.008367826230823994,inner_validation,0.8956565152271593,0.8723222099134508,0.8423423423423423,0.9023020774845593,0.6415094339622641,0.952258828171237,0.772649845088961,0.1108337493759361,1607,174,35,187,2003,0.9504504504504504,0.8648648648648649,0.7477477477477478,0.9541380625476735,0.9414102710740021
ISIC2020_external,image,2,XGBoost,512,0.008367826230823994,inner_validation,0.9106449344056756,0.6376323565030447,0.35456110154905335,0.9207036114570362,0.1235752849430114,0.7258790722398579,0.09700387679821201,0.01776704076327941,29573,2547,375,206,32701,0.5438898450946644,0.3993115318416523,0.27882960413080893,,
HAM10000_test,image,2,RandomForest,512,0.16333333333333333,inner_validation,0.9186220668996505,0.865521192163528,0.7972972972972973,0.9337450870297586,0.6847195357833655,0.9492908124294986,0.768103782557719,0.1108337493759361,1663,118,45,177,2003,0.9414414414414415,0.8468468468468469,0.7477477477477478,0.9482333551269478,0.9391608524915169
ISIC2020_external,image,2,RandomForest,512,0.16333333333333333,inner_validation,0.9355982997461851,0.6266742025922584,0.306368330464716,0.9469800747198007,0.1445978878960195,0.7380908619355557,0.09770690981638022,0.01776704076327941,30417,1703,403,178,32701,0.5628227194492255,0.4079173838209983,0.2977624784853701,,
HAM10000_test,image,2,KNN,512,0.08840844488578277,inner_validation,0.9136295556665003,0.8863719137441766,0.8513513513513513,0.9213924761370017,0.6860254083484574,0.9132686869913147,0.7592104937586892,0.1108337493759361,1641,140,33,189,2003,0.8648648648648649,0.8648648648648649,0.7927927927927928,0.9406328320802004,0.8651826222883069
ISIC2020_external,image,2,KNN,512,0.08840844488578277,inner_validation,0.9021130852267515,0.5977984880278988,0.2822719449225473,0.9133250311332504,0.09294417682062907,0.6023194539410086,0.06430736039085104,0.01776704076327941,29336,2784,417,164,32701,0.28399311531841653,0.28399311531841653,0.2117039586919105,,
HAM10000_test,image,2,Stacking,512,0.08827045696825779,inner_validation,0.9026460309535697,0.8861101415845942,0.8648648648648649,0.9073554183043234,0.6632124352331606,0.9562043795620438,0.7926885102579199,0.1108337493759361,1616,165,30,192,2003,0.9594594594594594,0.8693693693693694,0.7792792792792793,0.9612890922959573,0.9419154371115941
ISIC2020_external,image,2,Stacking,512,0.08827045696825779,inner_validation,0.9100027522094125,0.6356154202292179,0.35111876075731496,0.9201120797011207,0.12175470008952552,0.731202375772437,0.09634316615114687,0.01776704076327941,29554,2566,377,204,32701,0.5576592082616179,0.39070567986230637,0.2822719449225473,,
HAM10000_test,image,2,SVM-RBF,all,0.03659933425669733,inner_validation,0.90963554667998,0.8841259844909479,0.8513513513513513,0.9169006176305446,0.6762075134168157,0.9503771036617752,0.7922195760909319,0.1108337493759361,1633,148,33,189,2003,0.9324324324324325,0.8738738738738738,0.8018018018018018,0.9653481529911736,0.9248446376148537
ISIC2020_external,image,2,SVM-RBF,all,0.03659933425669733,inner_validation,0.901746123971744,0.6322574500099669,0.3528399311531842,0.9116749688667497,0.11316588462600055,0.7074488310830941,0.08754247387166844,0.01776704076327941,29283,2837,376,205,32701,0.5060240963855421,0.37865748709122204,0.270223752151463,,
HAM10000_test,image,2,XGBoost,all,0.020603174343705177,inner_validation,0.9076385421867199,0.8613163978127483,0.8018018018018018,0.9208309938236946,0.6580406654343808,0.9541709030760126,0.7761022419267412,0.1108337493759361,1640,141,44,178,2003,0.9504504504504504,0.8468468468468469,0.7657657657657657,0.956140350877193,0.9435643753097717
ISIC2020_external,image,2,XGBoost,all,0.020603174343705177,inner_validation,0.9311336044769273,0.62524649389231,0.3080895008605852,0.9424034869240349,0.1371647509578544,0.729468585960994,0.09891695040399247,0.01776704076327941,30270,1850,402,179,32701,0.5611015490533563,0.39759036144578314,0.2943201376936317,,
HAM10000_test,image,2,RandomForest,all,0.18666666666666668,inner_validation,0.9166250624063904,0.8565121831545189,0.7792792792792793,0.9337450870297586,0.6744639376218323,0.9501886782908681,0.765489950611042,0.1108337493759361,1663,118,49,173,2003,0.9234234234234234,0.8288288288288288,0.7432432432432432,0.9482605971450364,0.940866979297724
ISIC2020_external,image,2,RandomForest,all,0.18666666666666668,inner_validation,0.9429986850555029,0.6228361587249193,0.2908777969018933,0.9547945205479452,0.15349682107175294,0.7356366669310225,0.09828000140557595,0.01776704076327941,30668,1452,412,169,32701,0.5679862306368331,0.4113597246127367,0.30120481927710846,,
HAM10000_test,image,2,KNN,all,0.09267245922781851,inner_validation,0.9306040938592112,0.8722589799232134,0.7972972972972973,0.9472206625491297,0.718052738336714,0.9297514808463715,0.7761478988675662,0.1108337493759361,1687,94,45,177,2003,0.9009009009009009,0.9009009009009009,0.7792792792792793,0.9434319494388145,0.9044854931564299
ISIC2020_external,image,2,KNN,all,0.09267245922781851,inner_validation,0.9463624965597383,0.57131231740697,0.18244406196213425,0.9601805728518057,0.10783316378433368,0.5948051144267515,0.057631485599057855,0.01776704076327941,30841,1279,475,106,32701,0.27710843373493976,0.27710843373493976,0.18588640275387264,,
HAM10000_test,image,2,Stacking,all,0.11144474898081375,inner_validation,0.9021467798302546,0.8818863782367432,0.8558558558558559,0.9079169006176305,0.6597222222222222,0.9584275460187869,0.7973600958253416,0.1108337493759361,1617,164,32,190,2003,0.9504504504504504,0.8648648648648649,0.7612612612612613,0.9628418873270131,0.9464524000152502
ISIC2020_external,image,2,Stacking,all,0.11144474898081375,inner_validation,0.916179933335372,0.6404499156562203,0.35456110154905335,0.9263387297633873,0.13066920393276246,0.7313691342491474,0.0968114130326998,0.01776704076327941,29754,2366,375,206,32701,0.5490533562822719,0.40963855421686746,0.2908777969018933,,
HAM10000_test,image,3,SVM-RBF,256,0.0018158515093662374,inner_validation,0.8806789815277084,0.8759888144303924,0.8699551569506726,0.8820224719101124,0.6188197767145136,0.9415478409835238,0.7626624456003046,0.11133300049925113,1570,210,29,194,2003,0.9237668161434978,0.8565022421524664,0.7937219730941704,0.9448777348777349,0.9215933120236046
ISIC2020_external,image,3,SVM-RBF,256,0.0018158515093662374,inner_validation,0.804226170453503,0.5952907609802311,0.37865748709122204,0.8119240348692404,0.06430868167202572,0.5992655017865448,0.05426843417540258,0.01776704076327941,26079,6041,361,220,32701,0.387263339070568,0.2667814113597246,0.1962134251290878,,
HAM10000_test,image,3,XGBoost,256,0.00019908476679120213,inner_validation,0.8482276585122317,0.8871491913135487,0.9372197309417041,0.8370786516853933,0.5789473684210527,0.9514460623771855,0.8070606596627034,0.11133300049925113,1490,290,14,209,2003,0.9461883408071748,0.874439461883408,0.7892376681614349,0.9485328185328186,0.9379001721170396
ISIC2020_external,image,3,XGBoost,256,0.00019908476679120213,inner_validation,0.7576220910675514,0.6163532086002791,0.46987951807228917,0.762826899128269,0.06444759206798867,0.6502407870228468,0.07871810635317537,0.01776704076327941,24502,7618,308,273,32701,0.43717728055077454,0.3442340791738382,0.23235800344234078,,
HAM10000_test,image,3,RandomForest,256,0.03666666666666667,inner_validation,0.8776834747878183,0.8939159570715978,0.9147982062780269,0.8730337078651685,0.6248085758039816,0.9477780017131052,0.7971294295533756,0.11133300049925113,1554,226,19,204,2003,0.9372197309417041,0.8878923766816144,0.7757847533632287,0.9416924066924066,0.9444504548807476
ISIC2020_external,image,3,RandomForest,256,0.03666666666666667,inner_validation,0.8088743463502646,0.6415978537883968,0.46815834767641995,0.8150373599003736,0.08007065057403591,0.6826813659191114,0.08127520005127696,0.01776704076327941,26179,5941,309,272,32701,0.48709122203098104,0.36660929432013767,0.25989672977624784,,
HAM10000_test,image,3,KNN,256,0.08933040692212117,inner_validation,0.9395906140788817,0.8424522597873734,0.7174887892376681,0.9674157303370786,0.7256235827664399,0.8532523807124502,0.6884945551548916,0.11133300049925113,1722,58,63,160,2003,0.726457399103139,0.726457399103139,0.726457399103139,0.8878700128700129,0.7910794197196951
ISIC2020_external,image,3,KNN,256,0.08933040692212117,inner_validation,0.9476774410568484,0.5643765151336533,0.16695352839931152,0.961799501867995,0.10183727034120735,0.5686703583592508,0.04690286998301283,0.01776704076327941,30893,1227,484,97,32701,0.17728055077452667,0.17728055077452667,0.17728055077452667,,
HAM10000_test,image,3,Stacking,256,0.018467323551270072,inner_validation,0.8871692461308038,0.8933692749533935,0.9013452914798207,0.8853932584269663,0.6401273885350318,0.9543281100418199,0.8092311319964975,0.11133300049925113,1576,204,22,201,2003,0.9461883408071748,0.8878923766816144,0.7937219730941704,0.9479922779922779,0.950243422670273
ISIC2020_external,image,3,Stacking,256,0.018467323551270072,inner_validation,0.8343475734687013,0.639354518233046,0.43717728055077454,0.8415317559153176,0.08573839662447258,0.6753633105630135,0.07696834640446878,0.01776704076327941,27030,5090,327,254,32701,0.47160068846815834,0.35456110154905335,0.22030981067125646,,
HAM10000_test,image,3,SVM-RBF,512,0.0011813358261613172,inner_validation,0.8562156764852721,0.8759535446163148,0.9013452914798207,0.8505617977528089,0.5826086956521739,0.9448102987857107,0.777746787753224,0.11133300049925113,1514,266,22,201,2003,0.9192825112107623,0.852017937219731,0.8026905829596412,0.9491377091377091,0.9236488812392426
ISIC2020_external,image,3,SVM-RBF,512,0.0011813358261613172,inner_validation,0.7602213999571878,0.6117612417290582,0.4578313253012048,0.7656911581569116,0.06353756120864684,0.6372001080286276,0.06108715182135094,0.01776704076327941,24594,7526,315,266,32701,0.43029259896729777,0.29259896729776247,0.2099827882960413,,
HAM10000_test,image,3,XGBoost,512,0.00018403163994662464,inner_validation,0.8397403894158761,0.8823739104146723,0.9372197309417041,0.8275280898876405,0.5656292286874154,0.9519927444953897,0.8088868882936523,0.11133300049925113,1473,307,14,209,2003,0.9417040358744395,0.8834080717488789,0.7802690582959642,0.9504890604890605,0.9373592328497663
ISIC2020_external,image,3,XGBoost,512,0.00018403163994662464,inner_validation,0.7483868994831963,0.6141871435216046,0.4750430292598967,0.7533312577833126,0.06287015945330296,0.6569524941966765,0.07810700696378794,0.01776704076327941,24197,7923,305,276,32701,0.4440619621342513,0.33907056798623064,0.23924268502581755,,
HAM10000_test,image,3,RandomForest,512,0.03333333333333333,inner_validation,0.8632051922116825,0.8955761576056835,0.9372197309417041,0.8539325842696629,0.6040462427745664,0.9496397440419206,0.7975412203043738,0.11133300049925113,1520,260,14,209,2003,0.9417040358744395,0.8923766816143498,0.7668161434977578,0.9426576576576577,0.9456503565281535
ISIC2020_external,image,3,RandomForest,512,0.03333333333333333,inner_validation,0.786826090945231,0.6455846513611821,0.4991394148020654,0.7920298879202988,0.07681101840815786,0.6936885238874014,0.0801223933132262,0.01776704076327941,25440,6680,291,290,32701,0.4853700516351119,0.36660929432013767,0.24440619621342513,,
HAM10000_test,image,3,KNN,512,0.0892240517514158,inner_validation,0.9365951073389915,0.8388056129389831,0.7130044843049327,0.9646067415730337,0.7146067415730337,0.8548269259837759,0.6892365184451359,0.11133300049925113,1717,63,64,159,2003,0.7309417040358744,0.7309417040358744,0.7309417040358744,0.8944208494208493,0.7844258667322351
ISIC2020_external,image,3,KNN,512,0.0892240517514158,inner_validation,0.9463319164551542,0.5662266393451407,0.1721170395869191,0.9603362391033624,0.10230179028132992,0.5664064191296407,0.04667191543951283,0.01776704076327941,30846,1274,481,100,32701,0.1738382099827883,0.1738382099827883,0.1738382099827883,,
HAM10000_test,image,3,Stacking,512,0.016335356680712492,inner_validation,0.8632051922116825,0.8936149040157203,0.9327354260089686,0.854494382022472,0.6028985507246377,0.9540232780772911,0.812904547862751,0.11133300049925113,1521,259,15,208,2003,0.9417040358744395,0.8789237668161435,0.7892376681614349,0.9498970398970399,0.9441652323580033
ISIC2020_external,image,3,Stacking,512,0.016335356680712492,inner_validation,0.7834011192318278,0.6455312264893054,0.5025817555938038,0.788480697384807,0.0761706012782053,0.6909507269426398,0.07641146711206395,0.01776704076327941,25326,6794,289,292,32701,0.4905335628227194,0.35456110154905335,0.2289156626506024,,
HAM10000_test,image,3,SVM-RBF,all,0.006381667418018717,inner_validation,0.8981527708437343,0.8858202751045499,0.8699551569506726,0.901685393258427,0.6554054054054054,0.9544742278429988,0.810137441750468,0.11133300049925113,1605,175,29,194,2003,0.9327354260089686,0.8699551569506726,0.8071748878923767,0.9542985842985843,0.9410081140890092
ISIC2020_external,image,3,SVM-RBF,all,0.006381667418018717,inner_validation,0.8426042017063698,0.607221708395582,0.36316695352839934,0.8512764632627646,0.07577662057820075,0.6387409627837091,0.06431669353806377,0.01776704076327941,27343,4777,370,211,32701,0.4113597246127367,0.29259896729776247,0.2099827882960413,,
HAM10000_test,image,3,XGBoost,all,0.0002597749698907137,inner_validation,0.8592111832251622,0.889406459414521,0.9282511210762332,0.8505617977528089,0.5948275862068966,0.9553458961052048,0.8076977618329069,0.11133300049925113,1514,266,16,207,2003,0.9506726457399103,0.874439461883408,0.7892376681614349,0.9492664092664093,0.949063191541677
ISIC2020_external,image,3,XGBoost,all,0.0002597749698907137,inner_validation,0.7756643527720865,0.6238474802965643,0.4664371772805508,0.7812577833125778,0.0687991876110688,0.6683873190681245,0.07868473919983882,0.01776704076327941,25094,7026,310,271,32701,0.4457831325301205,0.3373493975903614,0.23752151462994836,,
HAM10000_test,image,3,RandomForest,all,0.05333333333333334,inner_validation,0.8691962056914628,0.8852181689927949,0.905829596412556,0.8646067415730337,0.6066066066066066,0.951852924875296,0.8008090529348497,0.11133300049925113,1539,241,21,202,2003,0.9417040358744395,0.8699551569506726,0.7713004484304933,0.9447490347490347,0.9480108187853455
ISIC2020_external,image,3,RandomForest,all,0.05333333333333334,inner_validation,0.8026360050151371,0.6460274294116513,0.4836488812392427,0.8084059775840597,0.08010262257696693,0.6997757173508122,0.07848009140917322,0.01776704076327941,25966,6154,300,281,32701,0.4836488812392427,0.36660929432013767,0.25645438898450945,,
HAM10000_test,image,3,KNN,all,0.08902870025728091,inner_validation,0.9375936095856215,0.8629024537713508,0.7668161434977578,0.9589887640449438,0.7323340471092077,0.8867322517257017,0.7356132353790512,0.11133300049925113,1707,73,52,171,2003,0.7982062780269058,0.7982062780269058,0.7982062780269058,0.9118790218790219,0.8412736660929432
ISIC2020_external,image,3,KNN,all,0.08902870025728091,inner_validation,0.9288095165285465,0.5598420188492808,0.17728055077452667,0.9424034869240349,0.08129439621152329,0.5628690710181055,0.04331141942253729,0.01776704076327941,30270,1850,478,103,32701,0.18244406196213425,0.18244406196213425,0.16695352839931152,,
HAM10000_test,image,3,Stacking,all,0.01795896427525775,inner_validation,0.8671992011982027,0.8919395878470298,0.9237668161434978,0.8601123595505618,0.6076696165191741,0.9577165314657127,0.8179365931175483,0.11133300049925113,1531,249,17,206,2003,0.9417040358744395,0.8699551569506726,0.7937219730941704,0.9517631917631918,0.95259404966806
ISIC2020_external,image,3,Stacking,all,0.01795896427525775,inner_validation,0.7887220574294365,0.6431697078297177,0.49225473321858865,0.7940846824408468,0.07646036626119503,0.6942691241750493,0.07507709777392793,0.01776704076327941,25506,6614,295,286,32701,0.4836488812392427,0.35111876075731496,0.23580034423407917,,
HAM10000_test,image,4,SVM-RBF,256,0.01679662644195381,inner_validation,0.8836744882675986,0.8796354612787827,0.874439461883408,0.8848314606741573,0.6260032102728732,0.9361162896155591,0.7838866362069042,0.11133300049925113,1575,205,28,195,2003,0.9147982062780269,0.8699551569506726,0.7399103139013453,0.9634721131186174,0.8960999164267806
ISIC2020_external,image,4,SVM-RBF,256,0.01679662644195381,inner_validation,0.880064829821718,0.6017852856006842,0.3132530120481928,0.8903175591531756,0.08492767148856743,0.617219232739533,0.05836689457970615,0.01776704076327941,28597,3523,399,182,32701,0.40619621342512907,0.29604130808950085,0.22203098106712565,,
HAM10000_test,image,4,XGBoost,256,0.0008935363148339093,inner_validation,0.8482276585122317,0.8812654305436589,0.9237668161434978,0.8387640449438202,0.5754189944134078,0.9529412505668363,0.8023127347542437,0.11133300049925113,1493,287,17,206,2003,0.9417040358744395,0.874439461883408,0.7713004484304933,0.9639041633935586,0.9376729501346458
ISIC2020_external,image,4,XGBoost,256,0.0008935363148339093,inner_validation,0.8756307146570441,0.631638830718712,0.37865748709122204,0.8846201743462018,0.0976259152429554,0.6944065445200122,0.07391161864470874,0.01776704076327941,28414,3706,361,220,32701,0.4939759036144578,0.35628227194492257,0.2306368330464716,,
HAM10000_test,image,4,RandomForest,256,0.056666666666666664,inner_validation,0.8482276585122317,0.8675366554139164,0.8923766816143498,0.8426966292134831,0.5669515669515669,0.9487554794175441,0.7867021777162937,0.11133300049925113,1500,280,24,199,2003,0.9372197309417041,0.8654708520179372,0.7488789237668162,0.9565789473684211,0.9335314328164174
ISIC2020_external,image,4,RandomForest,256,0.056666666666666664,inner_validation,0.8889636402556497,0.6358908235682456,0.37349397590361444,0.8982876712328767,0.1067650676506765,0.6911177533474943,0.07134920546346077,0.01776704076327941,28853,3267,364,217,32701,0.5077452667814114,0.36660929432013767,0.23924268502581755,,
HAM10000_test,image,4,KNN,256,0.09038190014270919,inner_validation,0.9266100848726909,0.8547614249004887,0.7623318385650224,0.9471910112359551,0.6981519507186859,0.8767849045195748,0.7321817058507203,0.11133300049925113,1686,94,53,170,2003,0.7847533632286996,0.7847533632286996,0.7623318385650224,0.9315069389892643,0.789785495403473
ISIC2020_external,image,4,KNN,256,0.09038190014270919,inner_validation,0.9563621907586924,0.5713324923961993,0.1721170395869191,0.9705479452054795,0.12292562999385372,0.5829350134928613,0.04951566338648901,0.01776704076327941,31174,946,481,100,32701,0.20481927710843373,0.20481927710843373,0.20481927710843373,,
HAM10000_test,image,4,Stacking,256,0.04366360587152528,inner_validation,0.8517224163754369,0.8753867083186375,0.905829596412556,0.8449438202247191,0.5763195435092725,0.9494835491510052,0.8005413515069908,0.11133300049925113,1504,276,21,202,2003,0.9327354260089686,0.874439461883408,0.7668161434977578,0.9616129876931134,0.9313771009378773
ISIC2020_external,image,4,Stacking,256,0.04366360587152528,inner_validation,0.8829393596526101,0.6294441241214637,0.36660929432013767,0.8922789539227896,0.1001410437235543,0.6818880574780888,0.07201858959163945,0.01776704076327941,28660,3460,368,213,32701,0.5008605851979346,0.3528399311531842,0.2512908777969019,,
HAM10000_test,image,4,SVM-RBF,512,0.012505479381713836,inner_validation,0.8652021967049426,0.8692422028518163,0.874439461883408,0.8640449438202247,0.5909090909090909,0.9379603970373357,0.7976248561916897,0.11133300049925113,1538,242,28,195,2003,0.9237668161434978,0.8430493273542601,0.7488789237668162,0.9642969363707776,0.8991085523261213
ISIC2020_external,image,4,SVM-RBF,512,0.012505479381713836,inner_validation,0.829485336839852,0.6064587562132536,0.37521514629948366,0.8377023661270236,0.07252162341982701,0.6327762392748365,0.060125819026957225,0.01776704076327941,26907,5213,363,218,32701,0.40963855421686746,0.2943201376936317,0.21514629948364888,,
HAM10000_test,image,4,XGBoost,512,0.0017624241299927235,inner_validation,0.8567149276085871,0.8781956970826825,0.905829596412556,0.8505617977528089,0.5846599131693199,0.9547664634453571,0.8054714927253854,0.11133300049925113,1514,266,21,202,2003,0.9417040358744395,0.874439461883408,0.7713004484304933,0.962738936894475,0.9430773516575355
ISIC2020_external,image,4,XGBoost,512,0.0017624241299927235,inner_validation,0.8961499648328797,0.6234936275970275,0.3407917383820998,0.9061955168119552,0.10443037974683544,0.685720769575366,0.07317840134375428,0.01776704076327941,29107,3013,383,198,32701,0.48881239242685026,0.35628227194492257,0.23235800344234078,,
HAM10000_test,image,4,RandomForest,512,0.1,inner_validation,0.8826759860209685,0.8771124099360105,0.8699551569506726,0.8842696629213483,0.622792937399679,0.9509333904368419,0.7898213329479578,0.11133300049925113,1574,206,29,194,2003,0.9327354260089686,0.852017937219731,0.7623318385650224,0.9602513747054202,0.9373200854304021
ISIC2020_external,image,4,RandomForest,512,0.1,inner_validation,0.9237637992721935,0.6079746400653316,0.28055077452667815,0.9353985056039851,0.11564384533522526,0.6966416814741621,0.07143110138335576,0.01776704076327941,30045,2075,418,163,32701,0.5060240963855421,0.36316695352839934,0.24784853700516352,,
HAM10000_test,image,4,KNN,512,0.08748643728429961,inner_validation,0.9141288067898152,0.8653902353000453,0.8026905829596412,0.9280898876404494,0.6754716981132075,0.8857308409331385,0.7509516695777892,0.11133300049925113,1652,128,44,179,2003,0.8026905829596412,0.8026905829596412,0.7668161434977578,0.9385310290652003,0.8047265298542112
ISIC2020_external,image,4,KNN,512,0.08748643728429961,inner_validation,0.9414085196171371,0.5747056541412046,0.1944922547332186,0.9549190535491905,0.10550887021475257,0.5757965771643772,0.046091143935305036,0.01776704076327941,30672,1448,468,113,32701,0.1944922547332186,0.1944922547332186,0.1944922547332186,,
HAM10000_test,image,4,Stacking,512,0.046079418356051255,inner_validation,0.8492261607588617,0.881827228296468,0.9237668161434978,0.8398876404494382,0.5770308123249299,0.9527006600493777,0.8052397589236601,0.11133300049925113,1495,285,17,206,2003,0.9282511210762332,0.8609865470852018,0.7757847533632287,0.9651872217858077,0.9375615191754109
ISIC2020_external,image,4,Stacking,512,0.046079418356051255,inner_validation,0.8806458518088132,0.6325017200986833,0.37521514629948366,0.8897882938978829,0.10048398248444342,0.6910419296827945,0.07217757223650235,0.01776704076327941,28580,3540,363,218,32701,0.49569707401032703,0.35800344234079173,0.24612736660929432,,
HAM10000_test,image,4,SVM-RBF,all,0.015835856351793194,inner_validation,0.8622066899650525,0.8754018239532424,0.8923766816143498,0.8584269662921349,0.5905044510385756,0.9456996019549555,0.8099729837514879,0.11133300049925113,1528,252,24,199,2003,0.9192825112107623,0.8565022421524664,0.7623318385650224,0.9693113380466091,0.9125824124802674
ISIC2020_external,image,4,SVM-RBF,all,0.015835856351793194,inner_validation,0.8376502247637687,0.6114600637025954,0.3769363166953528,0.8459838107098381,0.07621367670088743,0.658547148923036,0.0647976470112481,0.01776704076327941,27173,4947,362,219,32701,0.4440619621342513,0.2977624784853701,0.21858864027538727,,
HAM10000_test,image,4,XGBoost,all,0.0012541022151708603,inner_validation,0.8477284073889166,0.8809845316672544,0.9237668161434978,0.8382022471910112,0.5746164574616457,0.9541240489746561,0.8006582852910772,0.11133300049925113,1492,288,17,206,2003,0.9372197309417041,0.8565022421524664,0.757847533632287,0.9607096098455092,0.9444423809081623
ISIC2020_external,image,4,XGBoost,all,0.0012541022151708603,inner_validation,0.8773737806183297,0.6257659797703534,0.3648881239242685,0.8866438356164383,0.09562471808750564,0.688039821624159,0.07177767635985093,0.01776704076327941,28479,3641,369,212,32701,0.4991394148020654,0.3476764199655766,0.23752151462994836,,
HAM10000_test,image,4,RandomForest,all,0.08666666666666667,inner_validation,0.8627059410883674,0.8796052300095732,0.9013452914798207,0.8578651685393258,0.5937961595273265,0.9492681513578878,0.7884401127722611,0.11133300049925113,1527,253,22,201,2003,0.9327354260089686,0.8475336322869955,0.7757847533632287,0.9569717203456402,0.9341350171789395
ISIC2020_external,image,4,RandomForest,all,0.08666666666666667,inner_validation,0.902510626586343,0.6258864670566272,0.33907056798623064,0.9127023661270237,0.10999441652707985,0.6985893583228127,0.06952179094100759,0.01776704076327941,29316,2804,384,197,32701,0.4939759036144578,0.3717728055077453,0.24096385542168675,,
HAM10000_test,image,4,KNN,all,0.08800386229131285,inner_validation,0.90963554667998,0.8844359349020003,0.852017937219731,0.9168539325842696,0.6773618538324421,0.9102710737139114,0.7798556945369552,0.11133300049925113,1632,148,33,190,2003,0.8565022421524664,0.8565022421524664,0.7802690582959642,0.9591647028017806,0.835314328164175
ISIC2020_external,image,4,KNN,all,0.08800386229131285,inner_validation,0.9094217302223173,0.5744783171111774,0.22719449225473323,0.9217621419676214,0.08183508989460632,0.5765934758425267,0.043756365256615026,0.01776704076327941,29607,2513,449,132,32701,0.2289156626506024,0.2289156626506024,0.1514629948364888,,
HAM10000_test,image,4,Stacking,all,0.04733938126900612,inner_validation,0.8397403894158761,0.8764901496447826,0.9237668161434978,0.8292134831460675,0.5620736698499318,0.9537889857409181,0.8089884563738029,0.11133300049925113,1476,304,17,206,2003,0.9461883408071748,0.8609865470852018,0.7802690582959642,0.9665750196386489,0.937450088216176
ISIC2020_external,image,4,Stacking,all,0.04733938126900612,inner_validation,0.864897097948075,0.6363151681624202,0.3993115318416523,0.873318804483188,0.09504301515772225,0.6938129497173894,0.06956366839765815,0.01776704076327941,28051,4069,349,232,32701,0.4939759036144578,0.3459552495697074,0.24268502581755594,,
HAM10000_test,image,5,SVM-RBF,256,0.06120501187424813,inner_validation,0.928607089365951,0.8715750491258125,0.7982062780269058,0.9449438202247191,0.7134268537074149,0.9302010379402429,0.8052695623676441,0.11133300049925113,1682,98,45,178,2003,0.9103139013452914,0.8609865470852018,0.7982062780269058,0.9595728451563692,0.8762372386971317
ISIC2020_external,image,5,SVM-RBF,256,0.06120501187424813,inner_validation,0.9457203143634751,0.5819706597248271,0.20481927710843373,0.9591220423412204,0.11823149528067561,0.645026557037615,0.07025735538910552,0.01776704076327941,30807,1313,462,119,32701,0.4165232358003442,0.30120481927710846,0.23407917383820998,,
HAM10000_test,image,5,XGBoost,256,0.006630648858845234,inner_validation,0.9036445332001997,0.8830264019751096,0.8565022421524664,0.9095505617977528,0.6643478260869565,0.9457197561344283,0.8069374615330699,0.11133300049925113,1619,161,32,191,2003,0.9237668161434978,0.8699551569506726,0.8026905829596412,0.9544749555047038,0.9246475449684006
ISIC2020_external,image,5,XGBoost,256,0.006630648858845234,inner_validation,0.9390538515641723,0.612377878352049,0.2736660929432014,0.9510896637608967,0.13760276936391172,0.6895516865540797,0.08456320734129306,0.01776704076327941,30549,1571,422,159,32701,0.4784853700516351,0.37005163511187605,0.27538726333907054,,
HAM10000_test,image,5,RandomForest,256,0.04666666666666667,inner_validation,0.854717923115327,0.8790333551670277,0.9103139013452914,0.847752808988764,0.5824964131994261,0.9465460774928199,0.8032223994690444,0.11133300049925113,1509,271,20,203,2003,0.9282511210762332,0.874439461883408,0.7802690582959642,0.9546402237477751,0.9251531356344189
ISIC2020_external,image,5,RandomForest,256,0.04666666666666667,inner_validation,0.8733066267086633,0.657496361535807,0.43373493975903615,0.8812577833125779,0.10845706907682376,0.6951350411430458,0.08490639390571622,0.01776704076327941,28306,3814,329,252,32701,0.5146299483648882,0.3924268502581756,0.28399311531841653,,
HAM10000_test,image,5,KNN,256,0.08857259853250529,inner_validation,0.9335996005991013,0.8685002771199678,0.7847533632286996,0.952247191011236,0.7246376811594203,0.8822214944324078,0.7478782921405758,0.11133300049925113,1695,85,48,175,2003,0.7892376681614349,0.7892376681614349,0.7847533632286996,0.92813374014747,0.8049246475449685
ISIC2020_external,image,5,KNN,256,0.08857259853250529,inner_validation,0.9471881593835051,0.5818728391595201,0.20309810671256454,0.9606475716064757,0.12022414671421294,0.5850765899391911,0.056091062791936264,0.01776704076327941,30856,1264,463,118,32701,0.2082616179001721,0.2082616179001721,0.2082616179001721,,
HAM10000_test,image,5,Stacking,256,0.03712362957808413,inner_validation,0.8821767348976535,0.8846765254194588,0.8878923766816144,0.8814606741573033,0.6265822784810127,0.9468861792714264,0.8214923274584165,0.11133300049925113,1569,211,25,198,2003,0.9282511210762332,0.8789237668161435,0.8161434977578476,0.9600305110602594,0.9206903257170637
ISIC2020_external,image,5,Stacking,256,0.03712362957808413,inner_validation,0.9099721721048286,0.6322197793129465,0.3442340791738382,0.9202054794520548,0.11961722488038277,0.6892813202641557,0.08225708296117579,0.01776704076327941,29557,2563,381,200,32701,0.5283993115318416,0.3855421686746988,0.2736660929432014,,
HAM10000_test,image,5,SVM-RBF,512,0.021095378369680378,inner_validation,0.909136295556665,0.886116289615559,0.8565022421524664,0.9157303370786517,0.6773049645390071,0.9356880133017584,0.8163170839396081,0.11133300049925113,1630,150,32,191,2003,0.9103139013452914,0.8609865470852018,0.7937219730941704,0.9608695652173913,0.888614487117161
ISIC2020_external,image,5,SVM-RBF,512,0.021095378369680378,inner_validation,0.909727531268157,0.610124763419449,0.29948364888123924,0.9207658779576587,0.10545454545454545,0.6796023892760152,0.07337311271207733,0.01776704076327941,29575,2545,407,174,32701,0.4612736660929432,0.35111876075731496,0.22719449225473323,,
HAM10000_test,image,5,XGBoost,512,0.0015334126073867083,inner_validation,0.8761857214178732,0.8793444853126418,0.8834080717488789,0.8752808988764045,0.6137071651090342,0.9467980047362321,0.8102080455187903,0.11133300049925113,1558,222,26,197,2003,0.9147982062780269,0.8699551569506726,0.7982062780269058,0.9554792779049072,0.9271463296062227
ISIC2020_external,image,5,XGBoost,512,0.0015334126073867083,inner_validation,0.9056297972539066,0.6342344114047366,0.3528399311531842,0.9156288916562889,0.11727688787185354,0.6875261765796508,0.08452002701987203,0.01776704076327941,29410,2710,376,205,32701,0.4836488812392427,0.3683304647160069,0.27538726333907054,,
HAM10000_test,image,5,RandomForest,512,0.06333333333333334,inner_validation,0.8607089365951074,0.8784816345039552,0.9013452914798207,0.8556179775280899,0.5903083700440529,0.9505466821182043,0.8114366968879567,0.11133300049925113,1523,257,22,201,2003,0.9237668161434978,0.8789237668161435,0.7982062780269058,0.9575832697686245,0.930325717063685
ISIC2020_external,image,5,RandomForest,512,0.06333333333333334,inner_validation,0.8846518455093116,0.6548213937407699,0.4165232358003442,0.8931195516811955,0.1137218045112782,0.7061959454969852,0.08787412849256204,0.01776704076327941,28687,3433,339,242,32701,0.5129087779690189,0.4044750430292599,0.2874354561101549,,
HAM10000_test,image,5,KNN,512,0.08822655497078075,inner_validation,0.9311033449825262,0.882785811457651,0.820627802690583,0.9449438202247191,0.7261904761904762,0.900144858164962,0.7708455992566614,0.11133300049925113,1682,98,40,183,2003,0.8251121076233184,0.8251121076233184,0.8116591928251121,0.9507627765064836,0.8156003889158968
ISIC2020_external,image,5,KNN,512,0.08822655497078075,inner_validation,0.9418366410813125,0.5833737726211732,0.2117039586919105,0.9550435865504359,0.11452513966480447,0.584764641201347,0.05149536884205731,0.01776704076327941,30676,1444,458,123,32701,0.2117039586919105,0.2117039586919105,0.2117039586919105,,
HAM10000_test,image,5,Stacking,512,0.03200933528171208,inner_validation,0.8502246630054917,0.8765052652793872,0.9103139013452914,0.8426966292134831,0.5750708215297451,0.9525091953443844,0.8280430010998658,0.11133300049925113,1500,280,20,203,2003,0.9237668161434978,0.8789237668161435,0.8295964125560538,0.9631706076786168,0.93017015070491
ISIC2020_external,image,5,Stacking,512,0.03200933528171208,inner_validation,0.859881960796306,0.6540426873835852,0.4406196213425129,0.8674657534246575,0.1005104043973302,0.7046944761790447,0.08527526623386449,0.01776704076327941,27863,4257,325,256,32701,0.5266781411359724,0.387263339070568,0.2822719449225473,,
HAM10000_test,image,5,SVM-RBF,all,0.006388237592117603,inner_validation,0.8382426360459311,0.8678024386557162,0.905829596412556,0.8297752808988764,0.554945054945055,0.9482692598377589,0.8279835936618499,0.11133300049925113,1477,303,21,202,2003,0.9237668161434978,0.8789237668161435,0.8071748878923767,0.9653572336638698,0.9147982498784637
ISIC2020_external,image,5,SVM-RBF,all,0.006388237592117603,inner_validation,0.7855417265527048,0.6390157230951916,0.48709122203098104,0.7909402241594022,0.07468003694418789,0.6833364234379253,0.07147676315029687,0.01776704076327941,25405,6715,298,283,32701,0.46987951807228917,0.33907056798623064,0.24612736660929432,,
HAM10000_test,image,5,XGBoost,all,0.0016265505691990256,inner_validation,0.8766849725411883,0.8894316521388623,0.905829596412556,0.8730337078651685,0.620583717357911,0.9497959389328362,0.807431909914528,0.11133300049925113,1554,226,21,202,2003,0.9237668161434978,0.874439461883408,0.7802690582959642,0.9549326214085939,0.9358288770053477
ISIC2020_external,image,5,XGBoost,all,0.0016265505691990256,inner_validation,0.9058438579859943,0.6309633034897105,0.3459552495697074,0.9159713574097136,0.11548405630565929,0.7003301678516235,0.0844811691236225,0.01776704076327941,29421,2699,380,201,32701,0.5008605851979346,0.3769363166953528,0.2719449225473322,,
HAM10000_test,image,5,RandomForest,all,0.06333333333333334,inner_validation,0.8382426360459311,0.8736861994256059,0.9192825112107623,0.8280898876404494,0.55858310626703,0.953268755983272,0.8102857540041545,0.11133300049925113,1474,306,18,205,2003,0.9327354260089686,0.8834080717488789,0.7982062780269058,0.9543859649122807,0.9432668935342732
ISIC2020_external,image,5,RandomForest,all,0.06333333333333334,inner_validation,0.8546221828078652,0.6530552650023684,0.4440619621342513,0.8620485678704857,0.09791271347248577,0.7102553248039303,0.08891531665834726,0.01776704076327941,27689,4431,323,258,32701,0.5197934595524957,0.3889845094664372,0.2908777969018933,,
HAM10000_test,image,5,KNN,all,0.0897922253685874,inner_validation,0.9266100848726909,0.8743739608001209,0.8071748878923767,0.9415730337078652,0.7100591715976331,0.9035370584975058,0.7729567630751208,0.11133300049925113,1676,104,43,180,2003,0.8385650224215246,0.8385650224215246,0.8071748878923767,0.9465547927790492,0.8337773456490034
ISIC2020_external,image,5,KNN,all,0.0897922253685874,inner_validation,0.9275251521360203,0.580313684912216,0.22030981067125646,0.9403175591531756,0.09748667174409749,0.5917647194363649,0.046454244254330944,0.01776704076327941,30203,1917,453,128,32701,0.2512908777969019,0.2512908777969019,0.19793459552495696,,
HAM10000_test,image,5,Stacking,all,0.036172439900630037,inner_validation,0.8377433849226161,0.8753665541391646,0.9237668161434978,0.8269662921348314,0.5590230664857531,0.9554592633647403,0.8301535968811727,0.11133300049925113,1472,308,17,206,2003,0.9327354260089686,0.8878923766816144,0.8340807174887892,0.9613907958301551,0.9416431696645601
ISIC2020_external,image,5,Stacking,all,0.036172439900630037,inner_validation,0.8437356655759762,0.6525836578836249,0.45438898450946646,0.8507783312577833,0.09365023057821922,0.7113125692594252,0.08486054144255956,0.01776704076327941,27327,4793,317,264,32701,0.5266781411359724,0.3889845094664372,0.2857142857142857,,
